Date,Close,Open,High,Low,Vol.,Change %
3/21/2025,"2,057.65","2,044.30","2,062.69","2,035.65",,-0.53%
3/20/2025,"2,068.63","2,068.60","2,089.98","2,060.49",,-0.65%
3/19/2025,"2,082.08","2,051.28","2,092.03","2,051.28",,1.57%
3/18/2025,"2,049.94","2,060.97","2,060.97","2,043.87",,-0.89%
3/17/2025,"2,068.33","2,041.52","2,073.92","2,039.96",,1.19%
3/14/2025,"2,044.10","2,008.53","2,044.51","2,008.53",,2.53%
3/13/2025,"1,993.69","2,026.08","2,031.16","1,984.92",,-1.62%
3/12/2025,"2,026.47","2,037.91","2,050.21","2,012.57",,0.14%
3/11/2025,"2,023.59","2,022.52","2,043.49","2,001.19",,0.22%
3/10/2025,"2,019.07","2,058.09","2,058.09","2,003.42",,-2.72%
3/7/2025,"2,075.48","2,065.50","2,084.40","2,033.69",,0.43%
3/6/2025,"2,066.55","2,081.57","2,093.39","2,055.42",,-1.63%
3/5/2025,"2,100.75","2,080.49","2,102.95","2,066.15",,1.02%
3/4/2025,"2,079.53","2,083.70","2,112.10","2,048.01",,-1.08%
3/3/2025,"2,102.24","2,168.02","2,173.57","2,092.17",,-2.81%
2/28/2025,"2,163.07","2,135.59","2,163.23","2,126.08",,1.09%
2/27/2025,"2,139.66","2,175.13","2,177.79","2,139.41",,-1.59%
2/26/2025,"2,174.17","2,175.44","2,199.92","2,166.86",,0.19%
2/25/2025,"2,170.08","2,180.47","2,184.76","2,154.35",,-0.38%
2/24/2025,"2,178.27","2,200.71","2,202.06","2,169.54",,-0.78%
2/21/2025,"2,195.35","2,275.96","2,282.63","2,194.11",,-2.94%
2/20/2025,"2,261.74","2,280.30","2,280.30","2,250.11",,-0.91%
2/19/2025,"2,282.46","2,278.29","2,288.75","2,273.63",,-0.34%
2/18/2025,"2,290.35","2,281.56","2,294.59","2,277.17",,0.45%
2/14/2025,"2,279.98","2,287.85","2,297.71","2,276.63",,-0.10%
2/13/2025,"2,282.18","2,264.83","2,282.42","2,259.07",,1.17%
2/12/2025,"2,255.89","2,250.71","2,262.57","2,240.51",,-0.87%
2/11/2025,"2,275.70","2,278.16","2,282.21","2,270.89",,-0.53%
2/10/2025,"2,287.94","2,289.38","2,294.71","2,281.65",,0.36%
2/7/2025,"2,279.71","2,308.19","2,311.51","2,277.63",,-1.19%
2/6/2025,"2,307.12","2,323.30","2,326.95","2,295.68",,-0.39%
2/5/2025,"2,316.23","2,297.74","2,316.23","2,293.38",,1.14%
2/4/2025,"2,290.21","2,257.19","2,291.38","2,257.11",,1.41%
2/3/2025,"2,258.42","2,244.82","2,271.21","2,229.51",,-1.28%
1/31/2025,"2,287.69","2,307.70","2,322.29","2,278.78",,-0.86%
1/30/2025,"2,307.45","2,299.82","2,320.53","2,293.71",,1.07%
1/29/2025,"2,283.10","2,286.57","2,300.87","2,269.11",,-0.25%
1/28/2025,"2,288.86","2,287.11","2,294.67","2,275.08",,0.21%
1/27/2025,"2,284.02","2,290.15","2,311.79","2,273.67",,-1.03%
1/24/2025,"2,307.74","2,312.38","2,322.27","2,303.15",,-0.30%
1/23/2025,"2,314.60","2,296.11","2,314.72","2,289.27",,0.47%
1/22/2025,"2,303.72","2,316.14","2,318.63","2,301.90",,-0.61%
1/21/2025,"2,317.97","2,286.40","2,318.81","2,286.40",,1.85%
1/17/2025,"2,275.88","2,281.66","2,289.97","2,269.22",,0.40%
1/16/2025,"2,266.79","2,261.97","2,273.04","2,252.89",,0.15%
1/15/2025,"2,263.29","2,256.56","2,278.17","2,252.74",,1.99%
1/14/2025,"2,219.24","2,206.16","2,221.33","2,194.85",,1.13%
1/13/2025,"2,194.40","2,176.49","2,194.69","2,158.63",,0.24%
1/10/2025,"2,189.23","2,215.23","2,215.23","2,176.03",,-2.22%
1/8/2025,"2,238.96","2,236.12","2,241.89","2,211.71",,-0.48%
1/7/2025,"2,249.80","2,271.31","2,286.18","2,236.55",,-0.74%
1/6/2025,"2,266.65","2,275.71","2,292.30","2,264.42",,-0.08%
1/3/2025,"2,268.47","2,237.73","2,269.05","2,237.73",,1.65%
1/2/2025,"2,231.67","2,241.82","2,261.75","2,219.92",,0.07%
12/31/2024,"2,230.16","2,237.93","2,250.40","2,224.53",,0.11%
12/30/2024,"2,227.78","2,230.83","2,237.92","2,202.67",,-0.75%
12/27/2024,"2,244.59","2,268.97","2,273.80","2,227.17",,-1.56%
12/26/2024,"2,280.19","2,248.80","2,281.83","2,243.80",,0.90%
12/24/2024,"2,259.85","2,240.25","2,259.85","2,233.31",,1.00%
12/23/2024,"2,237.44","2,239.09","2,241.91","2,219.42",,-0.22%
12/20/2024,"2,242.37","2,201.71","2,264.48","2,194.90",,0.94%
12/19/2024,"2,221.50","2,251.09","2,265.35","2,217.15",,-0.45%
12/18/2024,"2,231.51","2,342.28","2,349.98","2,215.74",,-4.39%
12/17/2024,"2,334.08","2,350.79","2,354.56","2,329.26",,-1.18%
12/16/2024,"2,361.99","2,344.87","2,370.43","2,339.74",,0.64%
12/13/2024,"2,346.90","2,357.80","2,361.84","2,336.28",,-0.60%
12/12/2024,"2,361.08","2,387.38","2,391.86","2,360.59",,-1.38%
12/11/2024,"2,394.16","2,399.05","2,407.74","2,386.37",,0.48%
12/10/2024,"2,382.77","2,392.43","2,402.66","2,378.61",,-0.42%
12/9/2024,"2,392.84","2,418.83","2,428.16","2,392.70",,-0.67%
12/6/2024,"2,408.99","2,408.09","2,414.18","2,401.77",,0.54%
12/5/2024,"2,396.17","2,425.04","2,425.81","2,395.16",,-1.25%
12/4/2024,"2,426.56","2,419.10","2,430.03","2,412.74",,0.42%
12/3/2024,"2,416.35","2,433.91","2,435.31","2,412.85",,-0.73%
12/2/2024,"2,434.14","2,437.21","2,442.61","2,420.71",,-0.02%
11/29/2024,"2,434.73","2,433.00","2,445.64","2,433.00",,0.35%
11/27/2024,"2,426.19","2,430.13","2,449.86","2,424.51",,0.08%
11/26/2024,"2,424.31","2,439.02","2,439.02","2,415.92",,-0.73%
11/25/2024,"2,442.03","2,419.08","2,466.49","2,419.08",,1.47%
11/22/2024,"2,406.67","2,366.44","2,409.22","2,366.44",,1.80%
11/21/2024,"2,364.02","2,331.46","2,372.25","2,331.46",,1.65%
11/20/2024,"2,325.53","2,323.31","2,325.88","2,303.79",,0.03%
11/19/2024,"2,324.83","2,295.78","2,325.06","2,284.20",,0.80%
11/18/2024,"2,306.34","2,306.52","2,322.07","2,301.87",,0.11%
11/15/2024,"2,303.84","2,339.96","2,346.45","2,297.52",,-1.42%
11/14/2024,"2,336.94","2,374.14","2,379.59","2,333.27",,-1.37%
11/13/2024,"2,369.37","2,401.85","2,414.55","2,368.47",,-0.94%
11/12/2024,"2,391.85","2,428.14","2,432.40","2,387.81",,-1.77%
11/11/2024,"2,434.98","2,411.70","2,441.72","2,411.70",,1.47%
11/8/2024,"2,399.64","2,384.08","2,401.91","2,376.42",,0.71%
11/7/2024,"2,382.69","2,391.26","2,402.36","2,378.17",,-0.43%
11/6/2024,"2,392.92","2,300.98","2,393.85","2,300.98",,5.84%
11/5/2024,"2,260.84","2,216.62","2,260.92","2,212.27",,1.88%
11/4/2024,"2,219.03","2,206.56","2,233.19","2,200.30",,0.40%
11/1/2024,"2,210.13","2,202.18","2,227.35","2,202.18",,0.61%
10/31/2024,"2,196.65","2,231.37","2,232.16","2,196.65",,-1.63%
10/30/2024,"2,233.04","2,232.66","2,260.48","2,229.79",,-0.23%
10/29/2024,"2,238.09","2,236.51","2,238.09","2,221.75",,-0.27%
10/28/2024,"2,244.07","2,217.67","2,247.38","2,217.67",,1.63%
10/25/2024,"2,207.99","2,225.77","2,236.69","2,207.24",,-0.49%
10/24/2024,"2,218.92","2,216.99","2,227.00","2,206.35",,0.23%
10/23/2024,"2,213.84","2,224.65","2,226.41","2,195.47",,-0.79%
10/22/2024,"2,231.53","2,235.77","2,235.77","2,225.06",,-0.37%
10/21/2024,"2,239.71","2,275.33","2,275.60","2,238.30",,-1.60%
10/18/2024,"2,276.09","2,283.76","2,287.15","2,275.49",,-0.21%
10/17/2024,"2,280.85","2,287.41","2,288.64","2,272.01",,-0.25%
10/16/2024,"2,286.68","2,260.14","2,289.49","2,260.14",,1.64%
10/15/2024,"2,249.82","2,246.52","2,272.16","2,243.71",,0.05%
10/14/2024,"2,248.64","2,233.70","2,250.23","2,228.25",,0.64%
10/11/2024,"2,234.41","2,188.63","2,234.96","2,188.63",,2.10%
10/10/2024,"2,188.42","2,186.56","2,188.42","2,170.61",,-0.55%
10/9/2024,"2,200.59","2,194.24","2,213.14","2,190.46",,0.26%
10/8/2024,"2,194.98","2,194.05","2,201.91","2,188.24",,0.09%
10/7/2024,"2,193.09","2,206.09","2,206.09","2,181.24",,-0.89%
10/4/2024,"2,212.80","2,211.14","2,214.86","2,196.12",,1.50%
10/3/2024,"2,180.15","2,181.75","2,189.39","2,173.30",,-0.68%
10/2/2024,"2,195.00","2,189.28","2,204.51","2,184.74",,-0.09%
10/1/2024,"2,197.03","2,223.12","2,223.57","2,186.85",,-1.48%
9/30/2024,"2,229.97","2,216.43","2,234.13","2,209.88",,0.24%
9/27/2024,"2,224.70","2,229.95","2,243.65","2,218.79",,0.67%
9/26/2024,"2,209.87","2,223.23","2,227.89","2,206.33",,0.57%
9/25/2024,"2,197.45","2,223.89","2,224.09","2,196.89",,-1.19%
9/24/2024,"2,223.99","2,228.75","2,230.38","2,212.88",,0.17%
9/23/2024,"2,220.28","2,230.98","2,238.41","2,215.26",,-0.34%
9/20/2024,"2,227.89","2,249.13","2,249.13","2,227.19",,-1.10%
9/19/2024,"2,252.71","2,233.28","2,258.78","2,233.28",,2.10%
9/18/2024,"2,206.34","2,206.51","2,259.25","2,197.85",,0.04%
9/17/2024,"2,205.48","2,199.17","2,229.00","2,199.17",,0.74%
9/16/2024,"2,189.17","2,186.13","2,192.12","2,178.40",,0.31%
9/13/2024,"2,182.49","2,143.28","2,183.54","2,143.28",,2.49%
9/12/2024,"2,129.43","2,109.09","2,138.50","2,102.36",,1.22%
9/11/2024,"2,103.85","2,090.86","2,105.36","2,058.68",,0.31%
9/10/2024,"2,097.44","2,099.88","2,101.85","2,072.89",,-0.02%
9/9/2024,"2,097.78","2,093.09","2,115.08","2,093.09",,0.30%
9/6/2024,"2,091.41","2,133.16","2,139.66","2,087.95",,-1.91%
9/5/2024,"2,132.05","2,146.54","2,150.69","2,126.20",,-0.61%
9/4/2024,"2,145.22","2,144.59","2,166.04","2,138.82",,-0.19%
9/3/2024,"2,149.21","2,206.41","2,206.41","2,145.47",,-3.09%
8/30/2024,"2,217.63","2,208.70","2,218.05","2,192.41",,0.67%
8/29/2024,"2,202.98","2,199.11","2,223.01","2,192.43",,0.66%
8/28/2024,"2,188.64","2,198.05","2,202.98","2,180.16",,-0.65%
8/27/2024,"2,203.00","2,210.88","2,210.88","2,195.07",,-0.67%
8/26/2024,"2,217.92","2,230.21","2,237.69","2,216.94",,-0.04%
8/23/2024,"2,218.70","2,159.98","2,222.75","2,159.98",,3.19%
8/22/2024,"2,150.03","2,170.73","2,174.88","2,147.87",,-0.95%
8/21/2024,"2,170.56","2,146.61","2,171.27","2,146.61",,1.32%
8/20/2024,"2,142.19","2,164.56","2,165.35","2,138.15",,-1.17%
8/19/2024,"2,167.50","2,143.98","2,167.51","2,143.98",,1.19%
8/16/2024,"2,141.92","2,131.17","2,149.84","2,130.71",,0.30%
8/15/2024,"2,135.47","2,117.56","2,145.26","2,117.56",,2.45%
8/14/2024,"2,084.32","2,103.84","2,104.71","2,077.27",,-0.52%
8/13/2024,"2,095.19","2,073.77","2,098.70","2,068.96",,1.61%
8/12/2024,"2,062.08","2,083.05","2,085.03","2,058.12",,-0.91%
8/9/2024,"2,080.92","2,085.50","2,086.76","2,068.92",,-0.17%
8/8/2024,"2,084.42","2,056.90","2,084.89","2,054.57",,2.42%
8/7/2024,"2,035.11","2,088.11","2,094.80","2,033.96",,-1.41%
8/6/2024,"2,064.30","2,045.20","2,087.04","2,035.52",,1.23%
8/5/2024,"2,039.16","2,021.86","2,061.74","1,993.27",,-3.33%
8/2/2024,"2,109.31","2,127.25","2,127.25","2,090.84",,-3.52%
8/1/2024,"2,186.16","2,253.50","2,262.73","2,171.05",,-3.03%
7/31/2024,"2,254.48","2,253.57","2,300.00","2,242.77",,0.51%
7/30/2024,"2,243.14","2,242.44","2,255.86","2,231.02",,0.35%
7/29/2024,"2,235.33","2,265.61","2,269.16","2,228.17",,-1.09%
7/26/2024,"2,260.07","2,247.82","2,267.91","2,238.67",,1.67%
7/25/2024,"2,222.98","2,201.67","2,255.71","2,199.62",,1.26%
7/24/2024,"2,195.37","2,232.84","2,246.85","2,195.37",,-2.13%
7/23/2024,"2,243.27","2,210.65","2,253.93","2,208.41",,1.02%
7/22/2024,"2,220.65","2,191.23","2,223.09","2,176.48",,1.66%
7/19/2024,"2,184.35","2,233.97","2,261.16","2,179.95",,-0.63%
7/18/2024,"2,198.29","2,233.97","2,261.16","2,189.63",,-1.85%
7/17/2024,"2,239.67","2,246.44","2,278.13","2,236.25",,-1.06%
7/16/2024,"2,263.67","2,198.43","2,265.21","2,198.43",,3.50%
7/15/2024,"2,187.02","2,162.00","2,198.49","2,160.50",,1.80%
7/12/2024,"2,148.27","2,139.23","2,163.60","2,139.23",,1.09%
7/11/2024,"2,125.04","2,081.70","2,128.55","2,081.70",,3.57%
7/10/2024,"2,051.75","2,037.08","2,051.75","2,032.18",,1.10%
7/9/2024,"2,029.47","2,035.76","2,039.97","2,023.92",,-0.45%
7/8/2024,"2,038.67","2,038.38","2,050.16","2,036.55",,0.59%
7/5/2024,"2,026.73","2,031.88","2,032.51","2,019.06",,-0.49%
7/3/2024,"2,036.62","2,038.41","2,049.40","2,035.56",,0.14%
7/2/2024,"2,033.87","2,031.07","2,037.21","2,027.78",,0.19%
7/1/2024,"2,030.07","2,050.60","2,053.35","2,024.41",,-0.86%
6/28/2024,"2,047.69","2,050.56","2,057.28","2,033.70",,0.46%
6/27/2024,"2,038.34","2,020.95","2,038.47","2,020.25",,1.00%
6/26/2024,"2,018.12","2,014.18","2,020.39","2,010.36",,-0.21%
6/25/2024,"2,022.35","2,029.66","2,029.66","2,017.65",,-0.42%
6/24/2024,"2,030.81","2,023.23","2,043.10","2,023.23",,0.43%
6/21/2024,"2,022.03","2,016.35","2,022.26","2,006.85",,0.23%
6/20/2024,"2,017.39","2,021.91","2,033.28","2,012.51",,-0.39%
6/18/2024,"2,025.23","2,022.09","2,033.55","2,020.82",,0.16%
6/17/2024,"2,022.01","2,002.57","2,024.91","1,993.23",,0.79%
6/14/2024,"2,006.16","2,020.19","2,020.19","1,999.02",,-1.61%
6/13/2024,"2,038.91","2,053.53","2,053.57","2,025.64",,-0.88%
6/12/2024,"2,057.10","2,065.79","2,088.53","2,052.17",,1.62%
6/11/2024,"2,024.35","2,019.12","2,027.53","2,006.07",,-0.36%
6/10/2024,"2,031.61","2,012.22","2,033.65","2,008.30",,0.25%
6/7/2024,"2,026.55","2,035.12","2,043.46","2,023.14",,-1.12%
6/6/2024,"2,049.44","2,058.48","2,060.45","2,046.53",,-0.70%
6/5/2024,"2,063.87","2,044.15","2,063.87","2,036.34",,1.47%
6/4/2024,"2,033.94","2,050.39","2,050.39","2,032.14",,-1.25%
6/3/2024,"2,059.68","2,082.40","2,088.15","2,048.06",,-0.50%
5/31/2024,"2,070.13","2,061.23","2,073.67","2,047.40",,0.66%
5/30/2024,"2,056.60","2,043.73","2,063.19","2,043.73",,1.00%
5/29/2024,"2,036.19","2,050.46","2,050.46","2,036.13",,-1.48%
5/28/2024,"2,066.85","2,075.72","2,086.28","2,057.69",,-0.14%
5/24/2024,"2,069.67","2,061.00","2,070.23","2,056.35",,1.04%
5/23/2024,"2,048.41","2,089.52","2,090.39","2,040.68",,-1.60%
5/22/2024,"2,081.71","2,093.73","2,096.89","2,075.78",,-0.79%
5/21/2024,"2,098.35","2,097.47","2,101.60","2,094.02",,-0.20%
5/20/2024,"2,102.50","2,096.49","2,109.70","2,095.00",,0.32%
5/17/2024,"2,095.72","2,103.67","2,104.13","2,090.44",,-0.03%
5/16/2024,"2,096.25","2,107.09","2,107.36","2,095.82",,-0.63%
5/15/2024,"2,109.46","2,105.42","2,112.32","2,095.43",,1.14%
5/14/2024,"2,085.69","2,078.74","2,088.36","2,076.03",,1.14%
5/13/2024,"2,062.12","2,072.14","2,081.45","2,062.12",,0.11%
5/10/2024,"2,059.78","2,079.95","2,082.04","2,054.87",,-0.67%
5/9/2024,"2,073.63","2,056.98","2,075.38","2,053.05",,0.90%
5/8/2024,"2,055.14","2,050.78","2,055.64","2,043.85",,-0.46%
5/7/2024,"2,064.65","2,062.16","2,077.81","2,062.16",,0.19%
5/6/2024,"2,060.67","2,048.51","2,064.29","2,048.51",,1.23%
5/3/2024,"2,035.72","2,044.22","2,054.85","2,030.82",,0.97%
5/2/2024,"2,016.11","1,998.32","2,016.50","1,984.68",,1.81%
5/1/2024,"1,980.23","1,973.37","2,017.70","1,968.03",,0.32%
4/30/2024,"1,973.91","2,001.71","2,003.41","1,973.85",,-2.09%
4/29/2024,"2,016.03","2,005.10","2,020.63","2,005.10",,0.70%
4/26/2024,"2,002.00","1,984.53","2,005.01","1,984.42",,1.05%
4/25/2024,"1,981.12","1,980.53","1,984.49","1,957.82",,-0.72%
4/24/2024,"1,995.43","2,000.45","2,006.13","1,983.62",,-0.36%
4/23/2024,"2,002.64","1,969.74","2,010.48","1,969.64",,1.79%
4/22/2024,"1,967.47","1,953.24","1,978.43","1,947.85",,1.02%
4/19/2024,"1,947.66","1,935.77","1,956.30","1,931.54",,0.24%
4/18/2024,"1,942.96","1,951.24","1,971.39","1,941.32",,-0.26%
4/17/2024,"1,947.95","1,977.29","1,982.84","1,947.75",,-0.99%
4/16/2024,"1,967.48","1,965.85","1,976.21","1,953.01",,-0.42%
4/15/2024,"1,975.71","2,010.91","2,016.66","1,968.11",,-1.37%
4/12/2024,"2,003.17","2,031.08","2,032.94","1,994.83",,-1.93%
4/11/2024,"2,042.60","2,036.23","2,045.04","2,021.50",,0.70%
4/10/2024,"2,028.39","2,043.22","2,044.27","2,016.55",,-2.52%
4/9/2024,"2,080.80","2,079.35","2,084.06","2,065.13",,0.34%
4/8/2024,"2,073.71","2,074.69","2,079.03","2,066.12",,0.50%
4/5/2024,"2,063.47","2,051.88","2,073.32","2,048.25",,0.47%
4/4/2024,"2,053.83","2,089.07","2,101.47","2,051.32",,-1.08%
4/3/2024,"2,076.20","2,056.69","2,080.40","2,052.10",,0.54%
4/2/2024,"2,065.04","2,087.42","2,087.42","2,054.34",,-1.80%
4/1/2024,"2,102.84","2,125.91","2,126.06","2,100.14",,-1.02%
3/28/2024,"2,124.55","2,115.77","2,135.46","2,115.77",,0.48%
3/27/2024,"2,114.35","2,079.70","2,114.65","2,079.70",,2.13%
3/26/2024,"2,070.16","2,083.44","2,093.52","2,070.00",,-0.19%
3/25/2024,"2,074.16","2,075.06","2,088.48","2,074.16",,0.10%
3/22/2024,"2,072.00","2,098.03","2,099.11","2,071.79",,-1.27%
3/21/2024,"2,098.56","2,087.85","2,106.31","2,087.85",,1.14%
3/20/2024,"2,074.88","2,030.38","2,081.33","2,028.56",,1.92%
3/19/2024,"2,035.71","2,012.03","2,039.83","2,009.81",,0.54%
3/18/2024,"2,024.74","2,042.12","2,044.07","2,024.57",,-0.72%
3/15/2024,"2,039.32","2,020.63","2,041.88","2,018.95",,0.40%
3/14/2024,"2,031.18","2,064.28","2,064.28","2,017.28",,-1.96%
3/13/2024,"2,071.71","2,062.75","2,080.19","2,062.35",,0.30%
3/12/2024,"2,065.48","2,066.15","2,072.95","2,052.93",,-0.02%
3/11/2024,"2,065.88","2,075.74","2,079.97","2,063.78",,-0.81%
3/8/2024,"2,082.71","2,099.60","2,115.95","2,075.90",,-0.10%
3/7/2024,"2,084.74","2,079.32","2,090.79","2,079.32",,0.81%
3/6/2024,"2,068.09","2,069.81","2,075.65","2,059.86",,0.70%
3/5/2024,"2,053.71","2,060.73","2,072.30","2,048.13",,-0.99%
3/4/2024,"2,074.31","2,087.63","2,091.80","2,071.99",,-0.10%
3/1/2024,"2,076.39","2,058.48","2,077.97","2,052.43",,1.05%
2/29/2024,"2,054.84","2,060.73","2,072.97","2,044.80",,0.71%
2/28/2024,"2,040.31","2,043.04","2,053.52","2,038.63",,-0.77%
2/27/2024,"2,056.11","2,046.57","2,058.06","2,045.37",,1.34%
2/26/2024,"2,028.97","2,012.93","2,031.96","2,011.86",,0.61%
2/23/2024,"2,016.69","2,011.45","2,026.43","2,004.64",,0.14%
2/22/2024,"2,013.84","2,003.51","2,016.83","1,998.80",,0.96%
2/21/2024,"1,994.74","1,993.44","1,997.60","1,982.44",,-0.47%
2/20/2024,"2,004.14","2,008.78","2,011.53","1,998.09",,-1.41%
2/16/2024,"2,032.74","2,049.88","2,052.98","2,032.16",,-1.39%
2/15/2024,"2,061.48","2,027.53","2,062.80","2,027.06",,2.45%
2/14/2024,"2,012.10","1,992.13","2,014.06","1,983.10",,2.44%
2/13/2024,"1,964.17","1,987.26","1,992.98","1,950.47",,-3.96%
2/12/2024,"2,045.26","2,014.69","2,052.00","2,014.69",,1.75%
2/9/2024,"2,009.99","1,984.11","2,010.77","1,984.11",,1.53%
2/8/2024,"1,979.70","1,949.76","1,980.15","1,948.64",,1.50%
2/7/2024,"1,950.36","1,954.36","1,958.07","1,939.97",,-0.17%
2/6/2024,"1,953.63","1,936.77","1,954.04","1,932.08",,0.85%
2/5/2024,"1,937.24","1,951.77","1,951.77","1,921.36",,-1.30%
2/2/2024,"1,962.73","1,950.78","1,971.51","1,944.60",,-0.59%
2/1/2024,"1,974.42","1,959.58","1,974.42","1,936.23",,1.39%
1/31/2024,"1,947.34","1,989.32","2,003.15","1,946.89",,-2.45%
1/30/2024,"1,996.24","2,002.36","2,005.22","1,990.82",,-0.76%
1/29/2024,"2,011.42","1,978.14","2,011.65","1,972.78",,1.67%
1/26/2024,"1,978.33","1,986.67","1,993.44","1,974.63",,0.12%
1/25/2024,"1,975.88","1,987.25","1,989.21","1,963.89",,0.71%
1/24/2024,"1,961.86","2,000.18","2,000.18","1,960.48",,-0.73%
1/23/2024,"1,976.27","2,000.59","2,001.14","1,969.94",,-0.36%
1/22/2024,"1,983.38","1,960.94","1,984.12","1,960.94",,2.01%
1/19/2024,"1,944.39","1,934.09","1,944.39","1,914.47",,1.08%
1/18/2024,"1,923.65","1,924.01","1,926.05","1,901.65",,0.55%
1/17/2024,"1,913.17","1,899.18","1,914.21","1,898.24",,-0.73%
1/16/2024,"1,927.30","1,934.64","1,939.81","1,921.81",,-1.21%
1/12/2024,"1,950.96","1,977.88","1,983.81","1,947.50",,-0.23%
1/11/2024,"1,955.46","1,963.11","1,964.23","1,934.32",,-0.75%
1/10/2024,"1,970.26","1,965.47","1,971.25","1,953.00",,0.11%
1/9/2024,"1,968.04","1,964.72","1,975.23","1,957.41",,-1.05%
1/8/2024,"1,989.01","1,948.90","1,989.01","1,944.86",,1.94%
1/5/2024,"1,951.14","1,943.50","1,967.99","1,941.77",,-0.34%
1/4/2024,"1,957.73","1,964.35","1,970.54","1,956.70",,-0.08%
1/3/2024,"1,959.20","1,995.17","1,995.17","1,958.03",,-2.66%
1/2/2024,"2,012.80","2,012.75","2,032.49","2,003.41",,-0.70%
12/29/2023,"2,027.07","2,054.23","2,056.62","2,027.07",,-1.52%
12/28/2023,"2,058.34","2,058.18","2,068.85","2,053.64",,-0.38%
12/27/2023,"2,066.21","2,063.59","2,071.78","2,056.37",,0.34%
12/26/2023,"2,059.19","2,043.14","2,064.64","2,039.35",,1.24%
12/22/2023,"2,033.96","2,028.22","2,042.47","2,025.75",,0.84%
12/21/2023,"2,017.06","2,005.82","2,017.18","1,997.45",,1.73%
12/20/2023,"1,982.84","2,016.87","2,039.81","1,982.56",,0.00%
12/19/2023,"1,982.84","1,996.33","2,024.25","1,995.24",,0.02%
12/18/2023,"1,982.42","1,991.61","1,996.51","1,980.75",,-0.14%
12/15/2023,"1,985.13","2,005.15","2,009.08","1,975.13",,-0.77%
12/14/2023,"2,000.51","1,966.88","2,008.66","1,966.88",,2.72%
12/13/2023,"1,947.51","1,882.14","1,948.05","1,870.34",,3.52%
12/12/2023,"1,881.27","1,883.18","1,887.95","1,871.01",,-0.13%
12/11/2023,"1,883.68","1,879.66","1,885.42","1,873.58",,0.15%
12/8/2023,"1,880.82","1,866.77","1,887.81","1,863.66",,0.67%
12/7/2023,"1,868.25","1,854.53","1,868.25","1,848.78",,0.87%
12/6/2023,"1,852.05","1,864.23","1,888.72","1,851.96",,-0.21%
12/5/2023,"1,856.04","1,876.60","1,876.60","1,855.05",,-1.38%
12/4/2023,"1,882.02","1,857.17","1,882.09","1,854.38",,1.04%
12/1/2023,"1,862.64","1,806.13","1,863.66","1,800.81",,2.96%
11/30/2023,"1,809.02","1,808.62","1,816.53","1,805.22",,0.29%
11/29/2023,"1,803.81","1,804.23","1,827.06","1,801.91",,0.61%
11/28/2023,"1,792.81","1,799.71","1,804.11","1,789.20",,-0.46%
11/27/2023,"1,801.15","1,801.03","1,804.50","1,790.95",,-0.35%
11/24/2023,"1,807.50","1,794.99","1,810.26","1,794.69",,0.67%
11/22/2023,"1,795.54","1,792.51","1,803.12","1,789.88",,0.69%
11/21/2023,"1,783.26","1,799.33","1,799.33","1,783.26",,-1.32%
11/20/2023,"1,807.08","1,798.56","1,809.21","1,794.71",,0.52%
11/17/2023,"1,797.77","1,784.86","1,798.44","1,784.86",,1.35%
11/16/2023,"1,773.76","1,797.00","1,797.00","1,767.42",,-1.52%
11/15/2023,"1,801.22","1,798.20","1,830.00","1,797.59",,0.16%
11/14/2023,"1,798.32","1,741.74","1,798.32","1,741.74",,5.44%
11/13/2023,"1,705.50","1,698.74","1,709.57","1,690.92",,0.01%
11/10/2023,"1,705.32","1,692.77","1,709.24","1,684.20",,1.07%
11/9/2023,"1,687.24","1,720.70","1,724.83","1,685.27",,-1.57%
11/8/2023,"1,714.07","1,732.96","1,733.11","1,709.24",,-1.10%
11/7/2023,"1,733.15","1,733.73","1,739.26","1,723.55",,-0.28%
11/6/2023,"1,737.94","1,760.18","1,760.86","1,731.68",,-1.29%
11/3/2023,"1,760.70","1,733.61","1,770.58","1,733.61",,2.71%
11/2/2023,"1,714.21","1,684.45","1,714.61","1,684.45",,2.67%
11/1/2023,"1,669.70","1,661.41","1,669.79","1,649.06",,0.45%
10/31/2023,"1,662.28","1,648.60","1,663.50","1,644.99",,0.91%
10/30/2023,"1,647.29","1,646.36","1,657.32","1,635.41",,0.63%
10/27/2023,"1,636.94","1,660.74","1,661.19","1,633.67",,-1.21%
10/26/2023,"1,657.00","1,656.61","1,670.09","1,648.83",,0.34%
10/25/2023,"1,651.43","1,666.84","1,668.17","1,649.85",,-1.67%
10/24/2023,"1,679.50","1,677.74","1,690.41","1,671.27",,0.82%
10/23/2023,"1,665.88","1,671.76","1,687.74","1,662.64",,-0.89%
10/20/2023,"1,680.79","1,705.55","1,706.02","1,680.09",,-1.29%
10/19/2023,"1,702.70","1,725.70","1,734.58","1,700.24",,-1.51%
10/18/2023,"1,728.81","1,752.92","1,752.92","1,727.24",,-2.11%
10/17/2023,"1,766.05","1,735.75","1,779.85","1,735.71",,1.09%
10/16/2023,"1,747.06","1,734.13","1,749.21","1,728.18",,1.59%
10/13/2023,"1,719.71","1,738.09","1,740.57","1,715.32",,-0.84%
10/12/2023,"1,734.25","1,774.34","1,774.92","1,725.44",,-2.20%
10/11/2023,"1,773.30","1,777.57","1,786.64","1,761.81",,-0.15%
10/10/2023,"1,775.95","1,759.52","1,785.89","1,759.52",,1.14%
10/9/2023,"1,755.99","1,738.39","1,761.02","1,735.73",,0.60%
10/6/2023,"1,745.56","1,723.71","1,754.25","1,713.92",,0.81%
10/5/2023,"1,731.51","1,724.69","1,734.31","1,717.34",,0.14%
10/4/2023,"1,729.01","1,727.09","1,731.23","1,709.59",,0.11%
10/3/2023,"1,727.15","1,749.19","1,749.19","1,721.48",,-1.69%
10/2/2023,"1,756.82","1,780.86","1,782.02","1,749.43",,-1.58%
9/29/2023,"1,785.10","1,805.47","1,809.69","1,781.05",,-0.51%
9/28/2023,"1,794.31","1,778.03","1,802.61","1,777.89",,0.87%
9/27/2023,"1,778.90","1,771.16","1,786.60","1,765.64",,0.98%
9/26/2023,"1,761.61","1,774.64","1,786.05","1,761.61",,-1.27%
9/25/2023,"1,784.24","1,768.67","1,788.03","1,766.54",,0.44%
9/22/2023,"1,776.50","1,787.52","1,791.14","1,776.50",,-0.30%
9/21/2023,"1,781.83","1,795.22","1,795.80","1,781.82",,-1.56%
9/20/2023,"1,810.10","1,834.44","1,843.50","1,810.08",,-0.90%
9/19/2023,"1,826.53","1,834.39","1,840.56","1,823.05",,-0.42%
9/18/2023,"1,834.30","1,847.71","1,847.71","1,834.30",,-0.69%
9/15/2023,"1,847.03","1,861.56","1,861.68","1,840.00",,-1.05%
9/14/2023,"1,866.63","1,855.30","1,868.17","1,854.37",,1.40%
9/13/2023,"1,840.84","1,855.25","1,857.00","1,837.56",,-0.78%
9/12/2023,"1,855.32","1,851.57","1,864.33","1,851.29",,0.01%
9/11/2023,"1,855.14","1,863.11","1,866.55","1,853.88",,0.19%
9/8/2023,"1,851.54","1,856.05","1,857.86","1,848.59",,-0.23%
9/7/2023,"1,855.76","1,871.62","1,871.62","1,848.72",,-0.99%
9/6/2023,"1,874.28","1,880.74","1,890.83","1,864.46",,-0.33%
9/5/2023,"1,880.45","1,916.28","1,916.28","1,880.45",,-2.10%
9/1/2023,"1,920.83","1,908.17","1,926.81","1,908.17",,1.11%
8/31/2023,"1,899.68","1,904.36","1,913.20","1,898.95",,-0.19%
8/30/2023,"1,903.21","1,893.47","1,908.89","1,889.28",,0.40%
8/29/2023,"1,895.54","1,868.67","1,896.66","1,864.15",,1.42%
8/28/2023,"1,869.01","1,859.33","1,877.45","1,859.33",,0.83%
8/25/2023,"1,853.63","1,850.61","1,861.85","1,831.95",,0.40%
8/24/2023,"1,846.28","1,868.32","1,871.86","1,845.98",,-1.27%
8/23/2023,"1,870.03","1,851.86","1,873.48","1,849.83",,1.04%
8/22/2023,"1,850.84","1,860.00","1,866.19","1,847.27",,-0.28%
8/21/2023,"1,856.01","1,860.13","1,863.71","1,846.30",,-0.18%
8/18/2023,"1,859.42","1,841.01","1,864.68","1,830.84",,0.51%
8/17/2023,"1,850.06","1,874.16","1,877.83","1,850.06",,-1.15%
8/16/2023,"1,871.52","1,893.98","1,901.43","1,871.52",,-1.28%
8/15/2023,"1,895.75","1,913.63","1,913.63","1,895.75",,-1.29%
8/14/2023,"1,920.49","1,919.95","1,920.90","1,903.52",,-0.24%
8/11/2023,"1,925.11","1,918.20","1,929.38","1,914.10",,0.25%
8/10/2023,"1,920.35","1,935.25","1,955.40","1,912.45",,-0.51%
8/9/2023,"1,930.25","1,941.70","1,942.75","1,922.15",,-0.68%
8/8/2023,"1,943.55","1,931.20","1,944.85","1,916.85",,-0.65%
8/7/2023,"1,956.25","1,958.45","1,963.15","1,939.25",,0.09%
8/4/2023,"1,954.55","1,962.00","1,976.15","1,949.85",,-0.21%
8/3/2023,"1,958.75","1,956.05","1,969.60","1,943.85",,-0.31%
8/2/2023,"1,964.75","1,970.95","1,974.30","1,954.85",,-1.40%
8/1/2023,"1,992.65","1,987.15","1,993.85","1,972.30",,-0.53%
7/31/2023,"2,003.18","1,984.80","2,003.62","1,984.80",,1.09%
7/28/2023,"1,981.54","1,964.97","1,983.84","1,964.97",,1.36%
7/27/2023,"1,954.90","1,988.62","1,994.82","1,949.09",,-1.29%
7/26/2023,"1,980.36","1,964.57","1,984.78","1,962.49",,0.72%
7/25/2023,"1,966.11","1,963.62","1,976.93","1,961.42",,0.02%
7/24/2023,"1,965.68","1,961.04","1,973.32","1,958.33",,0.28%
7/21/2023,"1,960.26","1,976.94","1,981.64","1,958.74",,-0.35%
7/20/2023,"1,967.16","1,984.52","1,984.52","1,960.17",,-0.89%
7/19/2023,"1,984.89","1,981.78","1,990.25","1,977.25",,0.45%
7/18/2023,"1,976.07","1,952.11","1,977.58","1,952.11",,1.27%
7/17/2023,"1,951.27","1,929.42","1,958.05","1,926.64",,1.04%
7/14/2023,"1,931.09","1,949.86","1,949.86","1,920.34",,-1.01%
7/13/2023,"1,950.89","1,937.90","1,952.54","1,936.51",,0.91%
7/12/2023,"1,933.38","1,931.83","1,944.23","1,931.28",,1.05%
7/11/2023,"1,913.36","1,899.26","1,915.18","1,895.88",,0.96%
7/10/2023,"1,895.25","1,862.21","1,895.57","1,860.42",,1.64%
7/7/2023,"1,864.66","1,843.16","1,878.90","1,843.16",,1.22%
7/6/2023,"1,842.23","1,867.13","1,867.13","1,823.91",,-1.64%
7/5/2023,"1,872.91","1,891.96","1,891.96","1,872.91",,-1.26%
7/3/2023,"1,896.78","1,887.03","1,898.60","1,885.63",,0.43%
6/30/2023,"1,888.73","1,889.20","1,898.40","1,887.55",,0.38%
6/29/2023,"1,881.59","1,860.26","1,883.77","1,860.26",,1.23%
6/28/2023,"1,858.71","1,847.60","1,859.00","1,842.30",,0.47%
6/27/2023,"1,849.93","1,825.76","1,855.11","1,823.54",,1.46%
6/26/2023,"1,823.26","1,821.34","1,841.06","1,819.80",,0.09%
6/23/2023,"1,821.63","1,835.43","1,838.16","1,818.81",,-1.44%
6/22/2023,"1,848.18","1,860.03","1,860.03","1,843.92",,-0.80%
6/21/2023,"1,863.01","1,862.39","1,873.96","1,855.08",,-0.20%
6/20/2023,"1,866.70","1,871.49","1,871.49","1,856.20",,-0.47%
6/16/2023,"1,875.47","1,900.12","1,906.83","1,868.65",,-0.73%
6/15/2023,"1,889.28","1,870.17","1,890.09","1,866.26",,0.81%
6/14/2023,"1,874.10","1,898.74","1,904.92","1,864.08",,-1.17%
6/13/2023,"1,896.33","1,878.09","1,903.00","1,878.09",,1.23%
6/12/2023,"1,873.21","1,866.77","1,880.45","1,863.10",,0.40%
6/9/2023,"1,865.71","1,881.27","1,881.74","1,862.50",,-0.80%
6/8/2023,"1,880.78","1,886.03","1,886.03","1,867.91",,-0.41%
6/7/2023,"1,888.45","1,861.20","1,893.56","1,861.20",,1.78%
6/6/2023,"1,855.40","1,804.67","1,859.39","1,801.59",,2.69%
6/5/2023,"1,806.71","1,825.77","1,825.77","1,797.27",,-1.32%
6/2/2023,"1,830.91","1,782.34","1,831.71","1,782.34",,3.56%
6/1/2023,"1,767.94","1,750.86","1,773.01","1,744.37",,1.05%
5/31/2023,"1,749.65","1,761.33","1,765.41","1,736.82",,-1.00%
5/30/2023,"1,767.29","1,776.61","1,784.70","1,761.35",,-0.32%
5/26/2023,"1,773.02","1,755.36","1,774.69","1,755.29",,1.05%
5/25/2023,"1,754.60","1,767.10","1,767.10","1,741.24",,-0.70%
5/24/2023,"1,767.00","1,792.33","1,816.40","1,761.20",,-1.16%
5/23/2023,"1,787.71","1,791.12","1,816.40","1,787.52",,-0.43%
5/22/2023,"1,795.38","1,777.64","1,801.39","1,776.96",,1.22%
5/19/2023,"1,773.72","1,795.99","1,800.52","1,769.02",,-0.62%
5/18/2023,"1,784.86","1,770.82","1,787.36","1,766.29",,0.58%
5/17/2023,"1,774.50","1,744.11","1,776.90","1,737.39",,2.21%
5/16/2023,"1,736.18","1,755.16","1,755.16","1,736.16",,-1.44%
5/15/2023,"1,761.55","1,744.66","1,768.75","1,744.21",,1.19%
5/12/2023,"1,740.85","1,748.14","1,753.23","1,731.34",,-0.22%
5/11/2023,"1,744.71","1,748.89","1,749.44","1,736.84",,-0.84%
5/10/2023,"1,759.51","1,769.58","1,772.93","1,743.63",,0.56%
5/9/2023,"1,749.68","1,747.44","1,756.09","1,737.70",,-0.27%
5/8/2023,"1,754.47","1,766.42","1,768.21","1,748.32",,-0.31%
5/5/2023,"1,759.88","1,742.52","1,763.78","1,742.52",,2.39%
5/4/2023,"1,718.81","1,727.24","1,728.39","1,704.82",,-1.18%
5/3/2023,"1,739.28","1,735.69","1,767.70","1,735.69",,0.41%
5/2/2023,"1,732.11","1,761.15","1,761.15","1,716.22",,-2.10%
5/1/2023,"1,769.21","1,765.45","1,785.20","1,764.32",,0.01%
4/28/2023,"1,768.99","1,749.85","1,773.02","1,746.84",,1.01%
4/27/2023,"1,751.22","1,733.40","1,752.00","1,726.77",,1.20%
4/26/2023,"1,730.41","1,741.29","1,747.28","1,725.82",,-0.89%
4/25/2023,"1,745.95","1,779.33","1,779.33","1,745.91",,-2.40%
4/24/2023,"1,788.87","1,790.25","1,797.61","1,781.67",,-0.15%
4/21/2023,"1,791.51","1,790.56","1,793.31","1,777.40",,0.10%
4/20/2023,"1,789.70","1,790.69","1,797.47","1,782.35",,-0.54%
4/19/2023,"1,799.44","1,789.99","1,802.79","1,782.72",,0.22%
4/18/2023,"1,795.55","1,807.24","1,809.59","1,787.00",,-0.40%
4/17/2023,"1,802.84","1,784.38","1,802.84","1,784.12",,1.22%
4/14/2023,"1,781.15","1,798.15","1,805.02","1,770.56",,-0.86%
4/13/2023,"1,796.68","1,778.47","1,800.64","1,778.47",,1.30%
4/12/2023,"1,773.70","1,793.66","1,803.19","1,772.39",,-0.72%
4/11/2023,"1,786.59","1,776.90","1,794.45","1,776.90",,0.80%
4/10/2023,"1,772.44","1,749.31","1,773.23","1,745.46",,1.02%
4/6/2023,"1,754.46","1,753.11","1,758.43","1,744.50",,0.13%
4/5/2023,"1,752.13","1,764.22","1,764.22","1,742.78",,-0.99%
4/4/2023,"1,769.65","1,804.48","1,806.70","1,760.99",,-1.81%
4/3/2023,"1,802.31","1,804.02","1,812.37","1,783.47",,-0.01%
3/31/2023,"1,802.48","1,775.05","1,802.70","1,775.05",,1.93%
3/30/2023,"1,768.38","1,778.68","1,787.64","1,762.34",,-0.18%
3/29/2023,"1,771.60","1,763.13","1,771.71","1,759.05",,1.08%
3/28/2023,"1,752.63","1,749.63","1,759.47","1,745.13",,-0.06%
3/27/2023,"1,753.67","1,747.93","1,762.65","1,742.06",,1.08%
3/24/2023,"1,734.92","1,711.45","1,735.76","1,695.23",,0.85%
3/23/2023,"1,720.29","1,733.50","1,758.91","1,706.34",,-0.41%
3/22/2023,"1,727.36","1,776.51","1,779.72","1,726.61",,-2.83%
3/21/2023,"1,777.74","1,761.87","1,788.37","1,761.87",,1.88%
3/20/2023,"1,744.99","1,733.51","1,761.74","1,733.51",,1.11%
3/17/2023,"1,725.89","1,765.16","1,765.16","1,720.92",,-2.56%
3/16/2023,"1,771.24","1,733.50","1,781.10","1,717.59",,1.45%
3/15/2023,"1,745.94","1,763.72","1,763.72","1,716.67",,-1.74%
3/14/2023,"1,776.89","1,770.65","1,802.12","1,760.08",,1.87%
3/13/2023,"1,744.30","1,755.04","1,773.53","1,722.85",,-1.60%
3/10/2023,"1,772.70","1,821.68","1,821.68","1,756.82",,-2.95%
3/9/2023,"1,826.59","1,879.22","1,883.02","1,826.29",,-2.81%
3/8/2023,"1,879.48","1,880.27","1,886.54","1,866.07",,0.04%
3/7/2023,"1,878.72","1,899.24","1,902.11","1,875.79",,-1.11%
3/6/2023,"1,899.76","1,928.08","1,928.70","1,892.46",,-1.48%
3/3/2023,"1,928.26","1,906.46","1,931.71","1,901.98",,1.35%
3/2/2023,"1,902.66","1,888.43","1,905.35","1,877.58",,0.22%
3/1/2023,"1,898.43","1,896.14","1,904.44","1,888.73",,0.08%
2/28/2023,"1,896.99","1,896.70","1,913.18","1,896.44",,0.04%
2/27/2023,"1,896.27","1,902.00","1,914.60","1,891.89",,0.31%
2/24/2023,"1,890.49","1,891.38","1,891.62","1,875.81",,-0.92%
2/23/2023,"1,908.09","1,902.72","1,915.31","1,884.31",,0.71%
2/22/2023,"1,894.68","1,890.83","1,904.48","1,885.11",,0.34%
2/21/2023,"1,888.21","1,937.05","1,937.05","1,888.21",,-2.99%
2/17/2023,"1,946.36","1,943.64","1,947.85","1,928.39",,0.21%
2/16/2023,"1,942.21","1,946.05","1,962.46","1,933.14",,-0.96%
2/15/2023,"1,960.97","1,929.73","1,960.97","1,924.91",,1.09%
2/14/2023,"1,939.91","1,933.90","1,951.98","1,920.50",,-0.06%
2/13/2023,"1,941.14","1,919.89","1,942.70","1,913.60",,1.16%
2/10/2023,"1,918.81","1,910.66","1,920.85","1,903.72",,0.18%
2/9/2023,"1,915.34","1,954.88","1,963.85","1,912.24",,-1.40%
2/8/2023,"1,942.60","1,964.89","1,968.92","1,940.29",,-1.52%
2/7/2023,"1,972.61","1,952.65","1,975.83","1,936.33",,0.76%
2/6/2023,"1,957.72","1,976.09","1,976.09","1,952.19",,-1.40%
2/3/2023,"1,985.53","1,989.12","2,005.55","1,976.06",,-0.78%
2/2/2023,"2,001.22","1,968.03","2,007.31","1,968.03",,2.06%
2/1/2023,"1,960.81","1,929.47","1,976.87","1,921.52",,1.49%
1/31/2023,"1,931.94","1,888.83","1,931.94","1,888.83",,2.45%
1/30/2023,"1,885.72","1,903.10","1,909.34","1,885.43",,-1.35%
1/27/2023,"1,911.46","1,899.82","1,918.59","1,896.24",,0.44%
1/26/2023,"1,903.06","1,899.88","1,909.42","1,882.71",,0.67%
1/25/2023,"1,890.32","1,873.62","1,890.73","1,858.99",,0.25%
1/24/2023,"1,885.61","1,887.81","1,892.71","1,878.33",,-0.27%
1/23/2023,"1,890.77","1,868.96","1,896.20","1,867.49",,1.25%
1/20/2023,"1,867.34","1,847.68","1,867.34","1,836.63",,1.69%
1/19/2023,"1,836.35","1,846.35","1,846.35","1,825.58",,-0.97%
1/18/2023,"1,854.36","1,890.09","1,903.87","1,854.32",,-1.59%
1/17/2023,"1,884.29","1,886.64","1,892.42","1,880.74",,-0.15%
1/13/2023,"1,887.03","1,867.50","1,889.15","1,861.74",,0.58%
1/12/2023,"1,876.06","1,850.25","1,876.06","1,839.09",,1.74%
1/11/2023,"1,844.05","1,827.12","1,844.16","1,826.52",,1.17%
1/10/2023,"1,822.65","1,794.29","1,822.65","1,793.19",,1.49%
1/9/2023,"1,795.91","1,801.07","1,817.09","1,794.54",,0.17%
1/6/2023,"1,792.80","1,764.33","1,795.56","1,758.50",,2.26%
1/5/2023,"1,753.19","1,766.08","1,766.08","1,745.38",,-1.09%
1/4/2023,"1,772.54","1,758.09","1,781.97","1,758.09",,1.25%
1/3/2023,"1,750.73","1,769.75","1,785.95","1,737.26",,-0.60%
12/30/2022,"1,761.25","1,759.26","1,763.93","1,747.23",,-0.28%
12/29/2022,"1,766.25","1,727.33","1,767.91","1,727.33",,2.57%
12/28/2022,"1,722.02","1,749.93","1,753.93","1,722.02",,-1.57%
12/27/2022,"1,749.52","1,761.38","1,761.65","1,745.44",,-0.65%
12/23/2022,"1,760.93","1,753.20","1,761.24","1,743.74",,0.39%
12/22/2022,"1,754.09","1,766.67","1,766.67","1,726.81",,-1.29%
12/21/2022,"1,776.94","1,757.69","1,784.11","1,757.69",,1.65%
12/20/2022,"1,748.02","1,735.47","1,755.08","1,733.21",,0.54%
12/19/2022,"1,738.58","1,763.94","1,765.54","1,733.82",,-1.41%
12/16/2022,"1,763.42","1,759.55","1,765.64","1,746.25",,-0.63%
12/15/2022,"1,774.61","1,806.74","1,806.74","1,770.56",,-2.52%
12/14/2022,"1,820.45","1,831.23","1,845.77","1,812.30",,-0.65%
12/13/2022,"1,832.36","1,851.83","1,880.76","1,823.00",,0.76%
12/12/2022,"1,818.61","1,798.79","1,820.50","1,793.11",,1.22%
12/9/2022,"1,796.66","1,812.15","1,815.81","1,796.66",,-1.19%
12/8/2022,"1,818.29","1,815.71","1,833.75","1,808.85",,0.63%
12/7/2022,"1,806.90","1,809.17","1,822.70","1,805.66",,-0.31%
12/6/2022,"1,812.58","1,839.54","1,839.54","1,802.95",,-1.50%
12/5/2022,"1,840.22","1,886.01","1,886.01","1,834.42",,-2.78%
12/2/2022,"1,892.84","1,863.94","1,898.45","1,856.48",,0.59%
12/1/2022,"1,881.68","1,891.98","1,898.27","1,876.93",,-0.26%
11/30/2022,"1,886.58","1,839.13","1,886.58","1,821.46",,2.72%
11/29/2022,"1,836.55","1,832.52","1,846.07","1,832.52",,0.31%
11/28/2022,"1,830.96","1,857.18","1,857.52","1,827.08",,-2.05%
11/25/2022,"1,869.19","1,862.92","1,873.59","1,861.00",,0.30%
11/23/2022,"1,863.52","1,857.59","1,868.92","1,851.68",,0.17%
11/22/2022,"1,860.44","1,843.87","1,861.08","1,840.04",,1.30%
11/21/2022,"1,836.51","1,842.96","1,842.96","1,828.99",,-0.71%
11/18/2022,"1,849.73","1,861.73","1,869.34","1,840.88",,0.58%
11/17/2022,"1,839.12","1,837.27","1,839.84","1,820.71",,-0.76%
11/16/2022,"1,853.17","1,879.74","1,879.74","1,850.72",,-1.91%
11/15/2022,"1,889.20","1,885.97","1,905.84","1,878.08",,1.50%
11/14/2022,"1,861.25","1,875.65","1,889.41","1,861.25",,-1.14%
11/11/2022,"1,882.74","1,872.92","1,899.96","1,872.92",,0.79%
11/10/2022,"1,867.93","1,811.28","1,868.28","1,811.28",,6.11%
11/9/2022,"1,760.40","1,796.36","1,796.85","1,757.45",,-2.68%
11/8/2022,"1,808.93","1,815.52","1,831.20","1,790.88",,-0.05%
11/7/2022,"1,809.81","1,808.08","1,814.76","1,793.99",,0.55%
11/4/2022,"1,799.87","1,800.81","1,809.64","1,771.11",,1.13%
11/3/2022,"1,779.73","1,768.46","1,791.81","1,758.05",,-0.53%
11/2/2022,"1,789.14","1,845.08","1,861.57","1,789.13",,-3.36%
11/1/2022,"1,851.39","1,864.95","1,868.75","1,845.93",,0.25%
10/31/2022,"1,846.86","1,839.17","1,854.57","1,833.59",,0.00%
10/28/2022,"1,846.92","1,811.62","1,848.25","1,804.82",,2.25%
10/27/2022,"1,806.32","1,815.52","1,832.09","1,804.70",,0.11%
10/26/2022,"1,804.33","1,801.99","1,836.06","1,801.29",,0.46%
10/25/2022,"1,796.16","1,749.61","1,801.20","1,749.61",,2.73%
10/24/2022,"1,748.40","1,747.68","1,751.44","1,727.20",,0.35%
10/21/2022,"1,742.24","1,709.61","1,744.90","1,700.63",,2.22%
10/20/2022,"1,704.39","1,726.55","1,746.29","1,699.98",,-1.24%
10/19/2022,"1,725.76","1,746.97","1,746.97","1,710.21",,-1.72%
10/18/2022,"1,755.96","1,756.36","1,782.07","1,744.00",,1.16%
10/17/2022,"1,735.75","1,701.16","1,738.70","1,701.16",,3.17%
10/14/2022,"1,682.40","1,741.32","1,747.84","1,681.50",,-2.66%
10/13/2022,"1,728.41","1,653.95","1,734.27","1,641.94",,2.41%
10/12/2022,"1,687.76","1,692.96","1,696.79","1,671.88",,-0.30%
10/11/2022,"1,692.92","1,687.60","1,713.74","1,664.91",,0.06%
10/10/2022,"1,691.92","1,706.16","1,706.83","1,681.98",,-0.60%
10/7/2022,"1,702.15","1,734.65","1,734.92","1,694.96",,0.00%
10/6/2022,"1,702.15","1,756.42","1,772.25","1,747.03",,-3.43%
10/5/2022,"1,762.69","1,748.79","1,767.82","1,732.09",,-0.74%
10/4/2022,"1,775.77","1,735.82","1,775.77","1,735.82",,3.91%
10/3/2022,"1,708.87","1,687.28","1,717.29","1,671.62",,2.65%
9/30/2022,"1,664.72","1,672.89","1,707.75","1,664.27",,-0.61%
9/29/2022,"1,674.93","1,710.82","1,710.82","1,656.41",,-2.35%
9/28/2022,"1,715.24","1,668.79","1,725.28","1,668.79",,3.17%
9/27/2022,"1,662.51","1,669.17","1,689.53","1,650.71",,0.40%
9/26/2022,"1,655.88","1,674.34","1,701.23","1,653.43",,-1.41%
9/23/2022,"1,679.59","1,707.61","1,707.61","1,658.66",,-2.48%
9/22/2022,"1,722.31","1,760.15","1,760.31","1,716.21",,-2.26%
9/21/2022,"1,762.16","1,796.20","1,813.66","1,761.97",,-1.42%
9/20/2022,"1,787.50","1,801.49","1,801.49","1,776.31",,-1.40%
9/19/2022,"1,812.84","1,785.72","1,813.94","1,777.27",,0.81%
9/16/2022,"1,798.19","1,813.86","1,813.86","1,778.77",,-1.48%
9/15/2022,"1,825.23","1,830.97","1,853.03","1,818.41",,-0.72%
9/14/2022,"1,838.46","1,832.69","1,840.59","1,817.52",,0.38%
9/13/2022,"1,831.57","1,879.54","1,879.54","1,825.42",,-3.91%
9/12/2022,"1,906.09","1,889.80","1,906.09","1,889.80",,1.23%
9/9/2022,"1,882.85","1,857.14","1,884.90","1,857.14",,1.95%
9/8/2022,"1,846.91","1,823.49","1,846.91","1,810.51",,0.81%
9/7/2022,"1,832.00","1,789.56","1,832.57","1,787.43",,2.21%
9/6/2022,"1,792.32","1,813.18","1,815.15","1,786.68",,-0.96%
9/2/2022,"1,809.75","1,844.17","1,846.98","1,802.14",,-0.72%
9/1/2022,"1,822.82","1,826.75","1,826.75","1,799.17",,-1.15%
8/31/2022,"1,844.12","1,859.18","1,865.28","1,843.08",,-0.62%
8/30/2022,"1,855.59","1,889.16","1,889.35","1,847.54",,-1.45%
8/29/2022,"1,882.94","1,880.63","1,898.67","1,879.13",,-0.89%
8/26/2022,"1,899.83","1,965.23","1,965.31","1,898.51",,-3.30%
8/25/2022,"1,964.64","1,944.38","1,964.64","1,943.20",,1.52%
8/24/2022,"1,935.29","1,918.65","1,941.15","1,916.58",,0.84%
8/23/2022,"1,919.14","1,920.13","1,937.97","1,917.32",,0.18%
8/22/2022,"1,915.74","1,931.71","1,933.69","1,911.69",,-2.13%
8/19/2022,"1,957.35","1,992.30","1,992.30","1,952.50",,-2.17%
8/18/2022,"2,000.73","1,987.82","2,003.01","1,982.59",,0.68%
8/17/2022,"1,987.31","2,008.88","2,008.88","1,976.14",,-1.64%
8/16/2022,"2,020.53","2,018.74","2,030.05","2,003.78",,-0.04%
8/15/2022,"2,021.35","2,007.41","2,022.03","1,994.68",,0.23%
8/12/2022,"2,016.62","1,978.79","2,016.62","1,978.67",,2.09%
8/11/2022,"1,975.26","1,981.93","2,005.21","1,972.63",,0.31%
8/10/2022,"1,969.25","1,935.77","1,970.95","1,935.77",,2.95%
8/9/2022,"1,912.89","1,937.25","1,937.25","1,904.97",,-1.46%
8/8/2022,"1,941.21","1,928.41","1,959.13","1,928.41",,1.01%
8/5/2022,"1,921.82","1,887.54","1,922.55","1,884.18",,0.81%
8/4/2022,"1,906.46","1,908.52","1,911.57","1,899.46",,-0.13%
8/3/2022,"1,908.93","1,895.38","1,912.77","1,891.05",,1.41%
8/2/2022,"1,882.45","1,875.50","1,900.73","1,875.05",,-0.05%
8/1/2022,"1,883.31","1,870.49","1,892.97","1,859.88",,-0.10%
7/29/2022,"1,885.23","1,874.17","1,888.22","1,865.76",,0.65%
7/28/2022,"1,873.03","1,854.18","1,873.74","1,832.77",,1.34%
7/27/2022,"1,848.34","1,814.28","1,852.86","1,814.14",,2.39%
7/26/2022,"1,805.25","1,812.50","1,812.50","1,800.29",,-0.69%
7/25/2022,"1,817.77","1,810.95","1,819.10","1,798.82",,0.60%
7/22/2022,"1,806.88","1,839.36","1,842.20","1,795.29",,-1.62%
7/21/2022,"1,836.69","1,819.77","1,836.69","1,804.98",,0.48%
7/20/2022,"1,827.95","1,797.94","1,829.91","1,797.94",,1.59%
7/19/2022,"1,799.32","1,754.73","1,800.01","1,754.73",,3.50%
7/18/2022,"1,738.42","1,758.90","1,772.80","1,734.22",,-0.34%
7/15/2022,"1,744.37","1,724.10","1,744.37","1,708.90",,2.16%
7/14/2022,"1,707.51","1,712.29","1,712.29","1,684.85",,-1.07%
7/13/2022,"1,726.04","1,715.47","1,732.60","1,700.94",,-0.12%
7/12/2022,"1,728.18","1,728.52","1,743.17","1,719.24",,-0.22%
7/11/2022,"1,732.01","1,765.60","1,765.60","1,729.65",,-2.11%
7/8/2022,"1,769.36","1,767.58","1,780.13","1,752.94",,-0.01%
7/7/2022,"1,769.60","1,736.01","1,772.30","1,736.01",,2.43%
7/6/2022,"1,727.55","1,738.69","1,747.93","1,712.16",,-0.79%
7/5/2022,"1,741.33","1,714.86","1,741.34","1,681.58",,0.79%
7/1/2022,"1,727.76","1,705.07","1,728.91","1,690.91",,1.16%
6/30/2022,"1,707.99","1,706.48","1,722.09","1,680.40",,-0.66%
6/29/2022,"1,719.37","1,737.83","1,737.83","1,703.80",,-1.12%
6/28/2022,"1,738.84","1,778.62","1,792.58","1,738.81",,-1.86%
6/27/2022,"1,771.74","1,772.89","1,781.46","1,758.31",,0.34%
6/24/2022,"1,765.74","1,720.04","1,765.74","1,720.04",,3.16%
6/23/2022,"1,711.67","1,693.27","1,714.04","1,680.55",,1.27%
6/22/2022,"1,690.28","1,678.51","1,703.38","1,665.54",,-0.22%
6/21/2022,"1,694.03","1,681.10","1,711.74","1,681.10",,1.70%
6/17/2022,"1,665.69","1,657.01","1,684.55","1,652.02",,0.96%
6/16/2022,"1,649.84","1,707.85","1,707.85","1,641.47",,-4.70%
6/15/2022,"1,731.14","1,718.15","1,751.50","1,704.42",,1.36%
6/14/2022,"1,707.83","1,717.33","1,723.19","1,692.32",,-0.39%
6/13/2022,"1,714.59","1,770.50","1,770.50","1,708.26",,-4.76%
6/10/2022,"1,800.28","1,833.15","1,833.15","1,792.60",,-2.73%
6/9/2022,"1,850.86","1,884.96","1,884.96","1,850.67",,-2.12%
6/8/2022,"1,891.01","1,913.97","1,916.08","1,883.26",,-1.49%
6/7/2022,"1,919.56","1,879.77","1,919.73","1,870.94",,1.57%
6/6/2022,"1,889.89","1,893.45","1,903.51","1,881.73",,0.36%
6/3/2022,"1,883.05","1,886.61","1,889.45","1,872.23",,-0.77%
6/2/2022,"1,897.67","1,855.35","1,897.67","1,854.51",,2.31%
6/1/2022,"1,854.82","1,871.46","1,877.49","1,830.20",,-0.49%
5/31/2022,"1,864.04","1,882.00","1,883.19","1,856.56",,-1.26%
5/27/2022,"1,887.90","1,845.24","1,887.90","1,845.24",,2.70%
5/26/2022,"1,838.24","1,808.64","1,847.83","1,808.64",,2.17%
5/25/2022,"1,799.16","1,760.42","1,807.43","1,759.20",,1.95%
5/24/2022,"1,764.83","1,780.20","1,780.20","1,736.11",,-1.56%
5/23/2022,"1,792.76","1,786.43","1,799.27","1,769.12",,1.10%
5/20/2022,"1,773.27","1,784.08","1,797.44","1,730.88",,-0.17%
5/19/2022,"1,776.22","1,769.84","1,797.23","1,759.66",,0.08%
5/18/2022,"1,774.85","1,834.15","1,834.15","1,765.25",,-3.56%
5/17/2022,"1,840.30","1,796.36","1,840.30","1,796.36",,3.19%
5/16/2022,"1,783.43","1,790.61","1,802.63","1,778.67",,-0.52%
5/13/2022,"1,792.67","1,748.24","1,804.38","1,748.24",,3.06%
5/12/2022,"1,739.38","1,714.06","1,752.55","1,701.15",,1.24%
5/11/2022,"1,718.14","1,763.02","1,791.85","1,715.77",,-2.48%
5/10/2022,"1,761.79","1,771.46","1,794.64","1,727.38",,-0.02%
5/9/2022,"1,762.08","1,833.48","1,833.48","1,754.21",,-4.21%
5/6/2022,"1,839.56","1,867.73","1,867.73","1,821.10",,-1.69%
5/5/2022,"1,871.15","1,935.64","1,935.64","1,849.45",,-4.04%
5/4/2022,"1,949.92","1,904.09","1,952.75","1,875.36",,2.69%
5/3/2022,"1,898.86","1,882.58","1,907.30","1,875.98",,0.85%
5/2/2022,"1,882.91","1,863.66","1,888.84","1,839.25",,1.01%
4/29/2022,"1,864.10","1,914.36","1,928.32","1,860.58",,-2.81%
4/28/2022,"1,917.94","1,891.92","1,927.48","1,864.42",,1.80%
4/27/2022,"1,884.04","1,891.11","1,909.11","1,879.65",,-0.34%
4/26/2022,"1,890.47","1,940.08","1,940.08","1,890.47",,-3.26%
4/25/2022,"1,954.20","1,933.24","1,954.40","1,908.82",,0.70%
4/22/2022,"1,940.66","1,986.66","1,986.66","1,939.34",,-2.55%
4/21/2022,"1,991.46","2,046.71","2,060.08","1,986.91",,-2.29%
4/20/2022,"2,038.19","2,032.39","2,052.08","2,032.39",,0.37%
4/19/2022,"2,030.77","1,990.21","2,035.79","1,990.21",,2.04%
4/18/2022,"1,990.13","2,003.27","2,003.27","1,981.69",,-0.74%
4/14/2022,"2,004.98","2,025.17","2,034.22","2,004.97",,-0.99%
4/13/2022,"2,025.10","1,987.33","2,028.79","1,987.33",,1.92%
4/12/2022,"1,986.94","1,983.13","2,027.55","1,980.96",,0.33%
4/11/2022,"1,980.32","1,993.53","2,004.68","1,976.59",,-0.71%
4/8/2022,"1,994.56","2,009.06","2,017.08","1,993.04",,-0.76%
4/7/2022,"2,009.80","2,016.88","2,024.00","1,984.15",,-0.35%
4/6/2022,"2,016.94","2,044.81","2,044.81","2,005.05",,-1.42%
4/5/2022,"2,046.04","2,095.00","2,103.36","2,043.08",,-2.36%
4/4/2022,"2,095.44","2,091.53","2,096.93","2,076.50",,0.21%
4/1/2022,"2,091.11","2,071.22","2,091.73","2,068.05",,1.01%
3/31/2022,"2,070.13","2,090.91","2,100.74","2,069.22",,-1.00%
3/30/2022,"2,091.07","2,132.83","2,132.83","2,084.37",,-1.97%
3/29/2022,"2,133.10","2,079.31","2,138.45","2,079.31",,2.65%
3/28/2022,"2,078.06","2,078.30","2,078.30","2,049.54",,0.00%
3/25/2022,"2,077.98","2,075.89","2,081.32","2,064.20",,0.12%
3/24/2022,"2,075.44","2,054.10","2,075.49","2,047.27",,1.13%
3/23/2022,"2,052.21","2,086.70","2,086.70","2,051.45",,-1.73%
3/22/2022,"2,088.34","2,066.92","2,097.61","2,066.92",,1.08%
3/21/2022,"2,065.94","2,085.82","2,093.38","2,054.78",,-0.97%
3/18/2022,"2,086.14","2,064.69","2,087.55","2,059.69",,1.02%
3/17/2022,"2,065.02","2,029.88","2,065.02","2,019.21",,1.69%
3/16/2022,"2,030.72","1,970.11","2,031.80","1,970.11",,3.14%
3/15/2022,"1,968.97","1,942.08","1,969.85","1,942.08",,1.40%
3/14/2022,"1,941.72","1,979.79","1,983.43","1,932.71",,-1.92%
3/11/2022,"1,979.67","2,012.44","2,027.39","1,979.07",,-1.59%
3/10/2022,"2,011.67","2,013.62","2,013.62","1,982.11",,-0.23%
3/9/2022,"2,016.29","1,964.45","2,022.55","1,964.45",,2.71%
3/8/2022,"1,963.01","1,951.59","2,004.48","1,951.59",,0.60%
3/7/2022,"1,951.33","2,001.03","2,007.46","1,951.21",,-2.48%
3/4/2022,"2,000.90","2,031.16","2,031.16","1,985.51",,-1.55%
3/3/2022,"2,032.41","2,059.15","2,067.28","2,019.97",,-1.29%
3/2/2022,"2,058.87","2,009.01","2,065.71","2,009.01",,2.51%
3/1/2022,"2,008.51","2,047.24","2,050.65","1,995.42",,-1.93%
2/28/2022,"2,048.09","2,040.31","2,059.44","2,020.51",,0.35%
2/25/2022,"2,040.93","1,995.84","2,040.93","1,988.01",,2.25%
2/24/2022,"1,996.01","1,942.30","1,996.84","1,894.45",,2.67%
2/23/2022,"1,944.09","1,980.99","2,001.55","1,942.27",,-1.82%
2/22/2022,"1,980.17","2,008.68","2,016.43","1,970.63",,0.01%
2/21/2022,"1,979.95","2,002.80","2,004.90","1,977.75",,-1.46%
2/18/2022,"2,009.33","2,028.00","2,038.13","2,004.73",,-0.92%
2/17/2022,"2,028.09","2,078.50","2,078.50","2,025.12",,-2.46%
2/16/2022,"2,079.31","2,075.63","2,084.98","2,060.31",,0.14%
2/15/2022,"2,076.46","2,022.22","2,078.33","2,022.22",,2.76%
2/14/2022,"2,020.79","2,030.18","2,048.26","2,011.37",,-0.46%
2/11/2022,"2,030.15","2,051.26","2,074.06","2,016.41",,-1.02%
2/10/2022,"2,051.16","2,082.51","2,105.21","2,039.62",,-1.55%
2/9/2022,"2,083.50","2,046.76","2,083.50","2,046.76",,1.86%
2/8/2022,"2,045.37","2,012.46","2,047.82","2,011.37",,1.63%
2/7/2022,"2,012.60","2,002.38","2,027.91","2,000.40",,0.51%
2/4/2022,"2,002.36","1,990.92","2,016.38","1,968.61",,0.57%
2/3/2022,"1,991.03","2,027.73","2,027.73","1,988.41",,-1.90%
2/2/2022,"2,029.52","2,051.64","2,054.72","2,013.59",,-1.03%
2/1/2022,"2,050.74","2,028.78","2,052.85","2,003.38",,1.10%
1/31/2022,"2,028.45","1,968.09","2,028.45","1,960.11",,3.05%
1/28/2022,"1,968.51","1,931.14","1,968.51","1,901.36",,1.93%
1/27/2022,"1,931.29","1,978.08","2,007.23","1,925.45",,-2.29%
1/26/2022,"1,976.46","2,006.04","2,048.35","1,958.34",,-1.38%
1/25/2022,"2,004.03","2,030.82","2,030.84","1,966.10",,-1.45%
1/24/2022,"2,033.51","1,986.45","2,038.66","1,931.44",,2.29%
1/21/2022,"1,987.92","2,022.55","2,043.51","1,987.91",,-1.78%
1/20/2022,"2,024.04","2,063.86","2,104.59","2,022.20",,-1.88%
1/19/2022,"2,062.78","2,097.56","2,109.23","2,062.18",,-1.60%
1/18/2022,"2,096.23","2,160.35","2,160.35","2,094.93",,-3.02%
1/17/2022,"2,161.55","2,159.30","2,164.50","2,157.80",,-0.04%
1/14/2022,"2,162.46","2,157.99","2,162.46","2,126.12",,0.14%
1/13/2022,"2,159.44","2,177.06","2,196.74","2,154.46",,-0.76%
1/12/2022,"2,176.06","2,194.94","2,210.28","2,169.42",,-0.82%
1/11/2022,"2,194.00","2,171.17","2,196.65","2,154.81",,1.05%
1/10/2022,"2,171.15","2,179.07","2,179.07","2,133.13",,-0.40%
1/7/2022,"2,179.81","2,206.14","2,220.13","2,179.81",,-1.20%
1/6/2022,"2,206.37","2,194.48","2,220.59","2,179.29",,0.56%
1/5/2022,"2,194.00","2,268.92","2,275.32","2,193.72",,-3.30%
1/4/2022,"2,268.87","2,273.18","2,288.30","2,255.71",,-0.16%
1/3/2022,"2,272.56","2,246.71","2,284.14","2,246.71",,1.21%
12/31/2021,"2,245.31","2,245.93","2,258.11","2,244.85",,-0.15%
12/30/2021,"2,248.79","2,249.35","2,271.82","2,247.47",,-0.02%
12/29/2021,"2,249.24","2,246.35","2,252.79","2,236.65",,0.12%
12/28/2021,"2,246.51","2,261.04","2,274.54","2,245.57",,-0.66%
12/27/2021,"2,261.46","2,242.48","2,261.89","2,230.33",,0.89%
12/23/2021,"2,241.58","2,222.25","2,247.63","2,222.25",,0.89%
12/22/2021,"2,221.90","2,202.43","2,222.51","2,195.42",,0.86%
12/21/2021,"2,202.95","2,141.41","2,203.02","2,141.41",,2.95%
12/20/2021,"2,139.87","2,170.97","2,170.97","2,107.68",,-1.57%
12/17/2021,"2,173.93","2,152.51","2,186.36","2,124.74",,1.00%
12/16/2021,"2,152.46","2,196.82","2,216.09","2,144.70",,-1.95%
12/15/2021,"2,195.21","2,159.88","2,199.86","2,130.91",,1.65%
12/14/2021,"2,159.65","2,178.92","2,189.71","2,153.21",,-0.96%
12/13/2021,"2,180.50","2,211.59","2,211.59","2,169.01",,-1.42%
12/10/2021,"2,211.81","2,221.43","2,240.38","2,200.10",,-0.38%
12/9/2021,"2,220.21","2,270.27","2,270.27","2,220.18",,-2.27%
12/8/2021,"2,271.71","2,254.31","2,276.75","2,248.24",,0.80%
12/7/2021,"2,253.79","2,206.77","2,271.71","2,206.77",,2.28%
12/6/2021,"2,203.48","2,160.16","2,218.27","2,154.62",,2.05%
12/3/2021,"2,159.31","2,207.06","2,216.18","2,143.12",,-2.13%
12/2/2021,"2,206.33","2,147.62","2,211.66","2,147.62",,2.74%
12/1/2021,"2,147.42","2,203.12","2,253.37","2,147.40",,-2.34%
11/30/2021,"2,198.91","2,241.05","2,241.05","2,175.68",,-1.92%
11/29/2021,"2,241.98","2,248.90","2,281.28","2,232.09",,-0.18%
11/26/2021,"2,245.94","2,328.98","2,328.98","2,215.24",,-3.80%
11/25/2021,"2,334.65","2,334.70","2,337.90","2,332.85",,0.14%
11/24/2021,"2,331.46","2,326.70","2,334.37","2,303.94",,0.15%
11/23/2021,"2,327.86","2,331.25","2,342.63","2,303.38",,-0.15%
11/22/2021,"2,331.35","2,343.67","2,369.63","2,331.35",,-0.50%
11/19/2021,"2,343.16","2,362.44","2,362.44","2,341.57",,-0.86%
11/18/2021,"2,363.59","2,377.60","2,385.99","2,348.52",,-0.56%
11/17/2021,"2,377.01","2,404.21","2,404.21","2,369.11",,-1.16%
11/16/2021,"2,405.02","2,400.10","2,408.34","2,386.51",,0.17%
11/15/2021,"2,400.93","2,412.04","2,421.07","2,392.89",,-0.45%
11/12/2021,"2,411.78","2,409.46","2,417.20","2,405.83",,0.11%
11/11/2021,"2,409.14","2,390.50","2,418.83","2,390.50",,0.82%
11/10/2021,"2,389.58","2,426.44","2,428.97","2,380.76",,-1.55%
11/9/2021,"2,427.29","2,442.22","2,442.22","2,414.43",,-0.63%
11/8/2021,"2,442.74","2,438.36","2,458.85","2,438.06",,0.23%
11/5/2021,"2,437.08","2,403.13","2,449.14","2,403.13",,1.44%
11/4/2021,"2,402.43","2,404.68","2,423.83","2,395.50",,-0.08%
11/3/2021,"2,404.28","2,361.82","2,413.39","2,355.18",,1.80%
11/2/2021,"2,361.86","2,358.25","2,363.55","2,345.40",,0.16%
11/1/2021,"2,358.12","2,298.08","2,358.64","2,298.08",,2.65%
10/29/2021,"2,297.19","2,296.74","2,302.35","2,287.86",,-0.03%
10/28/2021,"2,297.98","2,253.90","2,298.76","2,253.90",,2.02%
10/27/2021,"2,252.49","2,295.45","2,295.45","2,252.49",,-1.90%
10/26/2021,"2,296.08","2,313.35","2,321.47","2,296.07",,-0.72%
10/25/2021,"2,312.64","2,291.80","2,314.84","2,291.80",,0.93%
10/22/2021,"2,291.27","2,295.67","2,299.73","2,277.04",,-0.21%
10/21/2021,"2,296.18","2,290.41","2,304.00","2,284.97",,0.28%
10/20/2021,"2,289.77","2,276.02","2,294.92","2,271.84",,0.61%
10/19/2021,"2,275.91","2,269.25","2,284.67","2,265.70",,0.36%
10/18/2021,"2,267.84","2,265.06","2,272.35","2,255.41",,0.10%
10/15/2021,"2,265.65","2,276.74","2,306.27","2,265.65",,-0.37%
10/14/2021,"2,274.18","2,243.95","2,275.51","2,243.95",,1.44%
10/13/2021,"2,241.97","2,235.02","2,241.97","2,220.24",,0.34%
10/12/2021,"2,234.27","2,221.55","2,241.40","2,221.55",,0.61%
10/11/2021,"2,220.64","2,233.00","2,251.65","2,220.64",,-0.56%
10/8/2021,"2,233.09","2,250.32","2,256.56","2,233.09",,-0.76%
10/7/2021,"2,250.09","2,217.58","2,265.22","2,217.58",,1.59%
10/6/2021,"2,214.96","2,226.05","2,226.05","2,188.69",,-0.60%
10/5/2021,"2,228.36","2,218.47","2,245.03","2,218.47",,0.49%
10/4/2021,"2,217.47","2,240.85","2,240.85","2,210.61",,-1.08%
10/1/2021,"2,241.63","2,205.91","2,252.04","2,197.15",,1.69%
9/30/2021,"2,204.37","2,226.74","2,239.54","2,204.37",,-0.94%
9/29/2021,"2,225.31","2,230.61","2,239.75","2,221.72",,-0.20%
9/28/2021,"2,229.78","2,279.51","2,279.51","2,227.58",,-2.25%
9/27/2021,"2,281.00","2,247.96","2,293.35","2,247.96",,1.46%
9/24/2021,"2,248.07","2,257.95","2,259.93","2,239.17",,-0.49%
9/23/2021,"2,259.04","2,220.06","2,265.81","2,220.06",,1.82%
9/22/2021,"2,218.56","2,188.10","2,234.17","2,188.10",,1.48%
9/21/2021,"2,186.18","2,183.72","2,201.71","2,172.83",,0.18%
9/20/2021,"2,182.20","2,233.10","2,233.10","2,155.34",,-2.44%
9/17/2021,"2,236.87","2,233.55","2,240.73","2,220.39",,0.18%
9/16/2021,"2,232.91","2,234.31","2,242.84","2,217.35",,-0.07%
9/15/2021,"2,234.45","2,210.46","2,236.96","2,207.42",,1.11%
9/14/2021,"2,209.98","2,241.78","2,249.94","2,204.14",,-1.37%
9/13/2021,"2,240.78","2,228.49","2,244.72","2,217.12",,0.59%
9/10/2021,"2,227.55","2,250.63","2,264.11","2,227.54",,-0.96%
9/9/2021,"2,249.13","2,249.53","2,273.18","2,244.13",,-0.03%
9/8/2021,"2,249.73","2,275.00","2,275.00","2,241.43",,-1.14%
9/7/2021,"2,275.61","2,292.17","2,300.59","2,275.57",,-0.86%
9/6/2021,"2,295.40","2,296.90","2,300.55","2,293.00",,0.15%
9/3/2021,"2,292.05","2,303.75","2,303.75","2,286.70",,-0.52%
9/2/2021,"2,304.02","2,288.03","2,309.97","2,288.03",,0.74%
9/1/2021,"2,287.06","2,274.21","2,293.05","2,264.59",,0.58%
8/31/2021,"2,273.77","2,266.28","2,277.19","2,260.43",,0.34%
8/30/2021,"2,265.99","2,278.45","2,286.36","2,264.30",,-0.49%
8/27/2021,"2,277.15","2,213.79","2,281.84","2,213.79",,2.85%
8/26/2021,"2,213.98","2,239.20","2,244.44","2,212.21",,-1.13%
8/25/2021,"2,239.27","2,230.73","2,252.14","2,226.64",,0.37%
8/24/2021,"2,230.91","2,208.80","2,232.00","2,208.80",,1.02%
8/23/2021,"2,208.30","2,169.11","2,211.12","2,169.11",,1.88%
8/20/2021,"2,167.60","2,131.80","2,169.65","2,127.32",,1.65%
8/19/2021,"2,132.42","2,157.04","2,157.04","2,122.24",,-1.22%
8/18/2021,"2,158.78","2,177.13","2,192.16","2,157.97",,-0.84%
8/17/2021,"2,177.17","2,201.65","2,201.65","2,152.49",,-1.19%
8/16/2021,"2,203.41","2,222.03","2,222.03","2,192.28",,-0.89%
8/13/2021,"2,223.11","2,244.20","2,244.20","2,221.31",,-0.93%
8/12/2021,"2,244.07","2,250.19","2,250.63","2,232.71",,-0.28%
8/11/2021,"2,250.34","2,240.11","2,250.37","2,221.68",,0.49%
8/10/2021,"2,239.36","2,236.09","2,245.03","2,230.03",,0.20%
8/9/2021,"2,234.81","2,247.43","2,247.43","2,231.48",,-0.58%
8/6/2021,"2,247.76","2,237.09","2,258.32","2,235.58",,0.53%
8/5/2021,"2,236.01","2,198.16","2,236.19","2,198.16",,1.81%
8/4/2021,"2,196.32","2,220.67","2,223.10","2,195.37",,-1.23%
8/3/2021,"2,223.58","2,216.25","2,223.60","2,189.76",,0.36%
8/2/2021,"2,215.50","2,228.03","2,256.44","2,212.45",,-0.48%
7/30/2021,"2,226.25","2,238.90","2,251.37","2,219.95",,-0.62%
7/29/2021,"2,240.03","2,193.16","2,256.97","2,190.66",,0.68%
7/28/2021,"2,224.96","2,193.16","2,237.04","2,190.66",,1.51%
7/27/2021,"2,191.83","2,215.64","2,215.64","2,171.37",,-1.13%
7/26/2021,"2,216.92","2,210.11","2,232.22","2,207.54",,0.33%
7/23/2021,"2,209.65","2,201.03","2,212.31","2,186.51",,0.46%
7/22/2021,"2,199.48","2,233.78","2,233.78","2,192.98",,-1.55%
7/21/2021,"2,234.04","2,195.75","2,236.94","2,195.75",,1.81%
7/20/2021,"2,194.30","2,131.79","2,206.63","2,131.79",,2.99%
7/19/2021,"2,130.68","2,159.71","2,159.71","2,107.07",,-1.51%
7/16/2021,"2,163.24","2,191.87","2,210.50","2,160.53",,-1.24%
7/15/2021,"2,190.29","2,201.27","2,202.75","2,166.33",,-0.55%
7/14/2021,"2,202.36","2,240.25","2,254.81","2,201.23",,-1.63%
7/13/2021,"2,238.86","2,280.49","2,280.49","2,238.37",,-1.88%
7/12/2021,"2,281.82","2,279.63","2,283.46","2,262.26",,0.08%
7/9/2021,"2,280.00","2,234.83","2,280.01","2,234.83",,2.17%
7/8/2021,"2,231.68","2,249.94","2,252.72","2,192.98",,-0.94%
7/7/2021,"2,252.85","2,274.53","2,278.10","2,235.50",,-0.95%
7/6/2021,"2,274.50","2,305.96","2,306.91","2,256.97",,-1.42%
7/5/2021,"2,307.20","2,307.60","2,309.95","2,305.70",,0.06%
7/2/2021,"2,305.76","2,328.53","2,332.95","2,302.94",,-1.01%
7/1/2021,"2,329.36","2,312.57","2,332.28","2,312.57",,0.81%
6/30/2021,"2,310.55","2,307.95","2,317.30","2,295.43",,0.07%
6/29/2021,"2,308.84","2,323.07","2,332.28","2,305.92",,-0.58%
6/28/2021,"2,322.34","2,335.34","2,342.19","2,307.22",,-0.52%
6/25/2021,"2,334.40","2,336.86","2,350.22","2,334.40",,0.03%
6/24/2021,"2,333.62","2,305.41","2,333.66","2,305.41",,1.31%
6/23/2021,"2,303.47","2,296.40","2,314.30","2,296.40",,0.33%
6/22/2021,"2,295.95","2,285.46","2,298.36","2,266.16",,0.43%
6/21/2021,"2,286.09","2,238.62","2,289.76","2,238.62",,2.16%
6/18/2021,"2,237.75","2,284.96","2,284.96","2,229.58",,-2.17%
6/17/2021,"2,287.46","2,314.20","2,316.60","2,264.12",,-1.18%
6/16/2021,"2,314.69","2,319.09","2,321.91","2,296.21",,-0.23%
6/15/2021,"2,320.07","2,326.76","2,327.87","2,301.78",,-0.26%
6/14/2021,"2,326.15","2,337.45","2,348.64","2,320.17",,-0.41%
6/11/2021,"2,335.81","2,312.60","2,335.81","2,312.60",,1.06%
6/10/2021,"2,311.41","2,327.98","2,337.76","2,305.71",,-0.68%
6/9/2021,"2,327.13","2,344.82","2,350.70","2,325.56",,-0.71%
6/8/2021,"2,343.76","2,319.57","2,348.35","2,316.17",,1.06%
6/7/2021,"2,319.18","2,286.93","2,321.64","2,286.93",,1.43%
6/4/2021,"2,286.41","2,281.07","2,293.68","2,277.44",,0.31%
6/3/2021,"2,279.25","2,296.57","2,296.57","2,257.00",,-0.81%
6/2/2021,"2,297.83","2,295.66","2,302.22","2,285.05",,0.13%
6/1/2021,"2,294.74","2,270.38","2,298.72","2,270.38",,1.62%
5/31/2021,"2,258.25","2,267.50","2,267.70","2,256.55",,-0.47%
5/28/2021,"2,268.97","2,273.82","2,285.07","2,264.92",,-0.18%
5/27/2021,"2,273.07","2,250.73","2,277.62","2,250.73",,1.06%
5/26/2021,"2,249.27","2,207.35","2,250.61","2,207.35",,1.97%
5/25/2021,"2,205.75","2,229.24","2,247.81","2,205.73",,-0.97%
5/24/2021,"2,227.34","2,223.05","2,237.13","2,218.15",,0.54%
5/21/2021,"2,215.27","2,210.21","2,236.83","2,210.21",,0.34%
5/20/2021,"2,207.76","2,194.69","2,210.92","2,184.41",,0.64%
5/19/2021,"2,193.64","2,205.77","2,205.77","2,159.14",,-0.78%
5/18/2021,"2,210.88","2,227.92","2,244.43","2,210.43",,-0.73%
5/17/2021,"2,227.12","2,222.86","2,227.46","2,197.10",,0.11%
5/14/2021,"2,224.63","2,171.14","2,226.39","2,171.14",,2.47%
5/13/2021,"2,170.95","2,135.23","2,185.24","2,133.97",,1.68%
5/12/2021,"2,135.14","2,205.02","2,205.02","2,132.25",,-3.26%
5/11/2021,"2,206.99","2,206.48","2,215.69","2,157.14",,-0.26%
5/10/2021,"2,212.70","2,271.09","2,271.24","2,212.59",,-2.59%
5/7/2021,"2,271.63","2,242.10","2,271.81","2,240.56",,1.35%
5/6/2021,"2,241.42","2,240.21","2,242.03","2,205.59",,0.00%
5/5/2021,"2,241.37","2,250.13","2,260.00","2,232.86",,-0.31%
5/4/2021,"2,248.29","2,275.10","2,275.10","2,225.70",,-1.28%
5/3/2021,"2,277.45","2,268.62","2,288.57","2,267.78",,0.49%
4/30/2021,"2,266.45","2,292.49","2,292.49","2,259.30",,-1.26%
4/29/2021,"2,295.46","2,307.07","2,322.91","2,278.42",,-0.38%
4/28/2021,"2,304.16","2,301.10","2,309.82","2,291.28",,0.13%
4/27/2021,"2,301.27","2,298.83","2,309.80","2,294.41",,0.14%
4/26/2021,"2,298.01","2,275.34","2,302.38","2,275.34",,1.15%
4/23/2021,"2,271.86","2,233.72","2,281.22","2,233.72",,1.76%
4/22/2021,"2,232.61","2,240.87","2,268.53","2,227.49",,-0.31%
4/21/2021,"2,239.63","2,187.48","2,240.46","2,175.43",,2.35%
4/20/2021,"2,188.21","2,231.13","2,231.13","2,171.68",,-1.96%
4/19/2021,"2,232.00","2,261.11","2,261.11","2,219.05",,-1.36%
4/16/2021,"2,262.67","2,258.29","2,273.15","2,251.73",,0.25%
4/15/2021,"2,257.07","2,249.42","2,264.16","2,240.75",,0.42%
4/14/2021,"2,247.72","2,230.16","2,272.85","2,230.16",,0.84%
4/13/2021,"2,228.92","2,233.99","2,237.38","2,208.20",,-0.22%
4/12/2021,"2,233.78","2,244.33","2,244.33","2,222.21",,-0.43%
4/9/2021,"2,243.47","2,241.97","2,245.99","2,231.03",,0.04%
4/8/2021,"2,242.60","2,225.19","2,243.00","2,213.84",,0.88%
4/7/2021,"2,223.05","2,259.15","2,259.15","2,217.78",,-1.60%
4/6/2021,"2,259.15","2,264.74","2,280.37","2,257.55",,-0.25%
4/5/2021,"2,264.89","2,280.80","2,280.83","2,253.94",,0.49%
4/1/2021,"2,253.90","2,225.29","2,253.90","2,225.29",,1.50%
3/31/2021,"2,220.52","2,200.03","2,237.68","2,200.03",,1.13%
3/30/2021,"2,195.80","2,158.59","2,202.62","2,151.55",,1.72%
3/29/2021,"2,158.68","2,219.31","2,223.19","2,158.44",,-2.83%
3/26/2021,"2,221.48","2,190.88","2,222.19","2,177.90",,1.76%
3/25/2021,"2,183.12","2,133.15","2,190.89","2,100.27",,2.29%
3/24/2021,"2,134.27","2,192.95","2,221.98","2,134.12",,-2.35%
3/23/2021,"2,185.69","2,264.14","2,264.14","2,175.78",,-3.58%
3/22/2021,"2,266.84","2,287.93","2,294.04","2,258.70",,-0.91%
3/19/2021,"2,287.55","2,267.65","2,298.04","2,247.57",,0.88%
3/18/2021,"2,267.59","2,335.83","2,340.55","2,262.07",,-2.94%
3/17/2021,"2,336.39","2,315.14","2,339.28","2,289.84",,0.73%
3/16/2021,"2,319.52","2,360.13","2,360.13","2,304.97",,-1.72%
3/15/2021,"2,360.17","2,352.79","2,360.17","2,337.13",,0.31%
3/12/2021,"2,352.79","2,337.23","2,354.20","2,325.65",,0.61%
3/11/2021,"2,338.54","2,287.94","2,338.55","2,287.94",,2.31%
3/10/2021,"2,285.68","2,246.96","2,299.46","2,246.96",,1.81%
3/9/2021,"2,245.06","2,204.80","2,261.64","2,204.80",,1.91%
3/8/2021,"2,202.98","2,192.65","2,233.34","2,192.48",,0.49%
3/5/2021,"2,192.21","2,149.43","2,193.27","2,085.12",,2.11%
3/4/2021,"2,146.92","2,207.74","2,217.05","2,110.14",,-2.76%
3/3/2021,"2,207.79","2,232.50","2,252.56","2,207.62",,-1.06%
3/2/2021,"2,231.51","2,275.12","2,275.12","2,231.11",,-1.93%
3/1/2021,"2,275.32","2,203.03","2,279.54","2,203.03",,3.37%
2/26/2021,"2,201.05","2,201.30","2,232.29","2,165.86",,0.04%
2/25/2021,"2,200.17","2,283.85","2,289.07","2,196.52",,-3.69%
2/24/2021,"2,284.38","2,232.41","2,286.49","2,232.41",,2.38%
2/23/2021,"2,231.31","2,248.42","2,248.42","2,169.08",,-0.88%
2/22/2021,"2,251.07","2,265.87","2,276.33","2,247.70",,-0.69%
2/19/2021,"2,266.69","2,218.82","2,275.87","2,218.82",,2.18%
2/18/2021,"2,218.39","2,253.02","2,253.02","2,208.49",,-1.67%
2/17/2021,"2,256.11","2,271.96","2,271.96","2,226.98",,-0.74%
2/16/2021,"2,272.89","2,290.57","2,310.09","2,266.27",,-1.46%
2/15/2021,"2,306.60","2,307.85","2,311.75","2,306.00",,0.75%
2/12/2021,"2,289.36","2,284.66","2,293.73","2,264.38",,0.18%
2/11/2021,"2,285.32","2,283.27","2,303.63","2,255.57",,0.13%
2/10/2021,"2,282.44","2,300.68","2,318.09","2,266.66",,-0.72%
2/9/2021,"2,299.00","2,289.65","2,309.43","2,281.93",,0.40%
2/8/2021,"2,289.76","2,234.35","2,289.76","2,234.35",,2.53%
2/5/2021,"2,233.33","2,202.94","2,233.33","2,202.94",,1.40%
2/4/2021,"2,202.42","2,160.77","2,202.42","2,160.77",,1.98%
2/3/2021,"2,159.70","2,151.46","2,163.36","2,135.78",,0.38%
2/2/2021,"2,151.44","2,127.31","2,154.54","2,126.45",,1.19%
2/1/2021,"2,126.16","2,075.01","2,130.69","2,075.01",,2.53%
1/29/2021,"2,073.64","2,106.78","2,124.62","2,066.59",,-1.56%
1/28/2021,"2,106.61","2,111.29","2,138.20","2,094.78",,-0.10%
1/27/2021,"2,108.70","2,146.66","2,146.66","2,088.01",,-1.91%
1/26/2021,"2,149.86","2,165.46","2,183.01","2,146.34",,-0.62%
1/25/2021,"2,163.27","2,168.72","2,194.86","2,135.22",,-0.25%
1/22/2021,"2,168.76","2,140.48","2,168.80","2,118.77",,1.28%
1/21/2021,"2,141.42","2,161.30","2,167.03","2,138.03",,-0.89%
1/20/2021,"2,160.62","2,152.30","2,173.73","2,149.99",,0.44%
1/19/2021,"2,151.14","2,125.51","2,152.35","2,125.51",,0.92%
1/18/2021,"2,131.45","2,123.50","2,134.25","2,121.00",,0.39%
1/15/2021,"2,123.20","2,154.69","2,154.69","2,102.53",,-1.49%
1/14/2021,"2,155.35","2,113.62","2,164.32","2,113.62",,2.05%
1/13/2021,"2,111.97","2,128.17","2,131.42","2,109.72",,-0.75%
1/12/2021,"2,127.96","2,091.79","2,128.39","2,091.79",,1.77%
1/11/2021,"2,091.01","2,088.80","2,095.40","2,061.64",,-0.03%
1/8/2021,"2,091.66","2,098.45","2,113.88","2,064.61",,-0.25%
1/7/2021,"2,096.89","2,059.33","2,099.26","2,059.33",,1.89%
1/6/2021,"2,057.92","1,980.29","2,079.72","1,980.29",,3.98%
1/5/2021,"1,979.11","1,945.79","1,988.76","1,943.69",,1.71%
1/4/2021,"1,945.91","1,975.78","1,990.70","1,927.15",,-1.47%
12/31/2020,"1,974.86","1,979.93","1,981.41","1,963.26",,-0.26%
12/30/2020,"1,979.99","1,961.72","1,987.78","1,961.72",,1.05%
12/29/2020,"1,959.36","1,996.73","2,001.70","1,950.82",,-1.85%
12/28/2020,"1,996.25","2,013.49","2,026.24","1,996.25",,-0.38%
12/24/2020,"2,003.95","2,013.18","2,013.97","1,997.18",,-0.16%
12/23/2020,"2,007.10","1,991.10","2,011.84","1,991.10",,0.87%
12/22/2020,"1,989.88","1,971.18","1,992.50","1,971.18",,0.99%
12/21/2020,"1,970.33","1,967.93","1,970.67","1,934.66",,0.02%
12/18/2020,"1,969.99","1,978.89","1,992.72","1,965.67",,-0.41%
12/17/2020,"1,978.05","1,953.76","1,978.05","1,953.76",,1.30%
12/16/2020,"1,952.72","1,961.26","1,966.11","1,947.05",,-0.36%
12/15/2020,"1,959.76","1,915.90","1,960.81","1,915.90",,2.40%
12/14/2020,"1,913.86","1,914.15","1,944.12","1,913.86",,0.11%
12/11/2020,"1,911.70","1,921.27","1,926.73","1,896.02",,-0.57%
12/10/2020,"1,922.70","1,901.34","1,924.12","1,887.69",,1.08%
12/9/2020,"1,902.15","1,919.16","1,935.27","1,889.33",,-0.82%
12/8/2020,"1,917.78","1,890.57","1,918.01","1,881.70",,1.40%
12/7/2020,"1,891.25","1,892.72","1,897.44","1,886.78",,-0.06%
12/4/2020,"1,892.45","1,849.98","1,892.45","1,849.98",,2.37%
12/3/2020,"1,848.70","1,838.52","1,860.35","1,838.52",,0.58%
12/2/2020,"1,838.03","1,833.08","1,842.53","1,817.02",,0.11%
12/1/2020,"1,836.05","1,822.92","1,848.02","1,822.92",,0.89%
11/30/2020,"1,819.82","1,854.87","1,854.87","1,813.56",,-1.91%
11/27/2020,"1,855.27","1,846.26","1,855.27","1,845.50",,1.28%
11/26/2020,"1,831.80","1,838.55","1,844.95","1,830.40",,-0.72%
11/25/2020,"1,845.02","1,852.62","1,852.62","1,831.95",,-0.46%
11/24/2020,"1,853.53","1,819.52","1,862.17","1,819.52",,1.94%
11/23/2020,"1,818.30","1,787.24","1,827.60","1,787.24",,1.85%
11/20/2020,"1,785.34","1,782.15","1,787.39","1,771.13",,0.07%
11/19/2020,"1,784.13","1,769.25","1,784.64","1,764.20",,0.84%
11/18/2020,"1,769.32","1,792.76","1,805.20","1,769.32",,-1.26%
11/17/2020,"1,791.91","1,783.08","1,795.89","1,755.34",,0.37%
11/16/2020,"1,785.34","1,747.02","1,785.34","1,747.02",,2.37%
11/13/2020,"1,744.04","1,710.05","1,749.36","1,710.05",,2.08%
11/12/2020,"1,708.47","1,735.99","1,735.99","1,696.65",,-1.64%
11/11/2020,"1,736.94","1,738.88","1,746.31","1,722.22",,0.00%
11/10/2020,"1,737.01","1,706.45","1,741.83","1,706.45",,1.88%
11/9/2020,"1,705.04","1,652.11","1,745.69","1,652.11",,3.70%
11/6/2020,"1,644.16","1,660.78","1,667.15","1,644.16",,-0.96%
